Unloaded Date,Unloaded Timestamp,Warehouse Id,Shipment Id,Business Owner,ASIN,Order Id,Unloaded Quantity,PO Quantity
28-нжднж,28/06/2026 07:00,SPX5,137849044591,RETAIL,B0H2SGQMG2,7JQA8HDW,4,5
28-нжднж,28/06/2026 07:00,SPX5,137849044591,RETAIL,B0H2SGKQFN,7JQA8HDW,2,5
28-нжднж,28/06/2026 07:00,SPX5,137849044591,RETAIL,B0H2SGHMWT,7JQA8HDW,5,5
28-нжднж,28/06/2026 07:00,SPX5,137849044591,RETAIL,B0H2SCWNRQ,7JQA8HDW,3,5
28-нжднж,28/06/2026 07:00,SPX5,137849044591,RETAIL,B0H2SCWCRR,7JQA8HDW,5,5
28-нжднж,28/06/2026 07:00,SPX5,137849044591,RETAIL,B0H2SCVRG3,7JQA8HDW,3,5
28-нжднж,28/06/2026 07:00,SPX5,137849044591,RETAIL,B0H2SCV8N7,7JQA8HDW,1,5
28-нжднж,28/06/2026 07:00,SPX5,137849044591,RETAIL,B0H2SCTKV1,7JQA8HDW,5,5
28-нжднж,28/06/2026 07:00,SPX5,137849044591,RETAIL,B0H2SCSVQ3,7JQA8HDW,2,5
28-нжднж,28/06/2026 07:00,SPX5,137849044591,RETAIL,B0H2SCPV97,7JQA8HDW,5,5
28-нжднж,28/06/2026 07:00,SPX5,137849044591,RETAIL,B0H2SCLGM7,7JQA8HDW,5,5
28-нжднж,28/06/2026 07:00,SPX5,137849044591,RETAIL,B0H2SB8THN,7JQA8HDW,5,5
28-нжднж,28/06/2026 07:00,SPX5,137849044591,RETAIL,B0H2SB3QKJ,7JQA8HDW,4,5
28-нжднж,28/06/2026 07:00,SPX5,137849044591,RETAIL,B0H2S928P2,7JQA8HDW,3,5
28-нжднж,28/06/2026 07:00,SPX5,137849044591,RETAIL,B0H2S8ZD6W,7JQA8HDW,3,5
28-нжднж,28/06/2026 07:00,SPX5,137849044591,RETAIL,B0H2S8XS1B,7JQA8HDW,3,5
28-нжднж,28/06/2026 07:00,SPX5,137849044591,RETAIL,B0H2S8669Y,7JQA8HDW,4,5
28-нжднж,28/06/2026 07:00,SPX5,137849044591,RETAIL,B0H2S85GB7,7JQA8HDW,4,5
28-нжднж,28/06/2026 07:00,SPX5,137849044591,RETAIL,B0H2S84BW1,7JQA8HDW,5,5
28-нжднж,28/06/2026 07:00,SPX5,137849044591,RETAIL,B0H2S841D5,7JQA8HDW,4,5
28-нжднж,28/06/2026 07:00,SPX5,137849044591,RETAIL,B0H2S83QQX,7JQA8HDW,1,5
28-нжднж,28/06/2026 07:00,SPX5,137849044591,RETAIL,B0H2S82VZ6,7JQA8HDW,1,5
28-нжднж,28/06/2026 07:00,SPX5,137849044591,RETAIL,B0H2S7ZT38,7JQA8HDW,5,5
28-нжднж,28/06/2026 07:00,SPX5,137849044591,RETAIL,B0H2S7Z9MN,7JQA8HDW,3,5
28-нжднж,28/06/2026 07:00,SPX5,137849044591,RETAIL,B0H2S7Z3F3,7JQA8HDW,4,5
28-нжднж,28/06/2026 07:00,SPX5,137849044591,RETAIL,B0H2S7XV3M,7JQA8HDW,4,5
28-нжднж,28/06/2026 07:00,SPX5,137849044591,RETAIL,B0H2S7TWN3,7JQA8HDW,5,5
28-нжднж,28/06/2026 07:00,SPX5,137849044591,RETAIL,B0H2S7TWLZ,7JQA8HDW,2,5
28-нжднж,28/06/2026 07:00,SPX5,137849044591,RETAIL,B0H2S7ST5Z,7JQA8HDW,5,5
28-нжднж,28/06/2026 07:00,SPX5,137849044591,RETAIL,B0H2S7MCLM,7JQA8HDW,4,5
28-нжднж,28/06/2026 07:00,SPX5,137849044591,RETAIL,B0H2S7L4WX,7JQA8HDW,1,5
28-нжднж,28/06/2026 07:00,SPX5,137849044591,RETAIL,B0H2S7L4VL,7JQA8HDW,5,5
28-нжднж,28/06/2026 07:00,SPX5,137849044591,RETAIL,B0H2S7JS26,7JQA8HDW,5,5
28-нжднж,28/06/2026 07:00,SPX5,137849044591,RETAIL,B0H2S7HDGJ,7JQA8HDW,5,5
28-нжднж,28/06/2026 07:00,SPX5,137849044591,RETAIL,B0H2S79BPJ,7JQA8HDW,,5
28-нжднж,28/06/2026 07:00,SPX5,137849044591,RETAIL,B0H2S6W7BV,7JQA8HDW,5,5
28-нжднж,28/06/2026 07:00,SPX5,137849044591,RETAIL,B0H2S6TDLS,7JQA8HDW,5,5
28-нжднж,28/06/2026 07:00,SPX5,137849044591,RETAIL,B0H2S6T9LT,7JQA8HDW,5,5
28-нжднж,28/06/2026 07:00,SPX5,137849044591,RETAIL,B0H2S6SHPD,7JQA8HDW,5,5
28-нжднж,28/06/2026 07:00,SPX5,137849044591,RETAIL,B0H2S6RD19,7JQA8HDW,2,5
28-нжднж,28/06/2026 07:00,SPX5,137849044591,RETAIL,B0H2S6QVCB,7JQA8HDW,3,5
28-нжднж,28/06/2026 07:00,SPX5,137849044591,RETAIL,B0H2S6PTC6,7JQA8HDW,5,5
28-нжднж,28/06/2026 07:00,SPX5,137849044591,RETAIL,B0H2S6P3J7,7JQA8HDW,3,5
28-нжднж,28/06/2026 07:00,SPX5,137849044591,RETAIL,B0H2S6NZQG,7JQA8HDW,5,5
28-нжднж,28/06/2026 07:00,SPX5,137849044591,RETAIL,B0H2S6NZPM,7JQA8HDW,5,5
28-нжднж,28/06/2026 07:00,SPX5,137849044591,RETAIL,B0H2S6M1BG,7JQA8HDW,5,5
28-нжднж,28/06/2026 07:00,SPX5,137849044591,RETAIL,B0H2S6JMF2,7JQA8HDW,5,5
28-нжднж,28/06/2026 07:00,SPX5,137849044591,RETAIL,B0H2S6FZ5W,7JQA8HDW,3,5
28-нжднж,28/06/2026 07:00,SPX5,137849044591,RETAIL,B0H2S6FDHH,7JQA8HDW,5,5
28-нжднж,28/06/2026 07:00,SPX5,137849044591,RETAIL,B0H2S6DBBK,7JQA8HDW,3,5
28-нжднж,28/06/2026 07:00,SPX5,137849044591,RETAIL,B0H2S5W1VD,7JQA8HDW,3,5
28-нжднж,28/06/2026 07:00,SPX5,137849044591,RETAIL,B0H2S5NZDB,7JQA8HDW,5,5
28-нжднж,28/06/2026 07:00,SPX5,137849044591,RETAIL,B0H2S5M6R2,7JQA8HDW,5,5
28-нжднж,28/06/2026 07:00,SPX5,137849044591,RETAIL,B0H2S5JGYD,7JQA8HDW,4,5
28-нжднж,28/06/2026 07:00,SPX5,137849044591,RETAIL,B0H2S5HCBW,7JQA8HDW,4,5
28-нжднж,28/06/2026 07:00,SPX5,137849044591,RETAIL,B0H2S5DMHS,7JQA8HDW,5,5
28-нжднж,28/06/2026 07:00,SPX5,137849044591,RETAIL,B0H2S57B5C,7JQA8HDW,5,5
28-нжднж,28/06/2026 07:00,SPX5,137849044591,RETAIL,B0H2S52L4C,7JQA8HDW,5,5
28-нжднж,28/06/2026 07:00,SPX5,137849044591,RETAIL,B0H2S52L3M,7JQA8HDW,4,5
28-нжднж,28/06/2026 07:00,SPX5,137849044591,RETAIL,B0H2S52GPN,7JQA8HDW,2,5
28-нжднж,28/06/2026 07:00,SPX5,137849044591,RETAIL,B0H2S4YXZV,7JQA8HDW,4,5
28-нжднж,28/06/2026 07:00,SPX5,137849044591,RETAIL,B0H2S4Y5LR,7JQA8HDW,2,5
28-нжднж,28/06/2026 07:00,SPX5,137849044591,RETAIL,B0H2S4XY9S,7JQA8HDW,1,5
28-нжднж,28/06/2026 07:00,SPX5,137849044591,RETAIL,B0H2S4TXMQ,7JQA8HDW,5,5
28-нжднж,28/06/2026 07:00,SPX5,137849044591,RETAIL,B0H2S4SBPJ,7JQA8HDW,5,5
28-нжднж,28/06/2026 07:00,SPX5,137849044591,RETAIL,B0H2S4RM14,7JQA8HDW,5,5
28-нжднж,28/06/2026 07:00,SPX5,137849044591,RETAIL,B0H2S4RHZ4,7JQA8HDW,4,5
28-нжднж,28/06/2026 07:00,SPX5,137849044591,RETAIL,B0H2S4K5XC,7JQA8HDW,5,5
28-нжднж,28/06/2026 07:00,SPX5,137849044591,RETAIL,B0H2S4G49Z,7JQA8HDW,5,5
28-нжднж,28/06/2026 07:00,SPX5,137849044591,RETAIL,B0H2S4FM9H,7JQA8HDW,5,5
28-нжднж,28/06/2026 07:00,SPX5,137849044591,RETAIL,B0H2S4DBHF,7JQA8HDW,5,5
28-нжднж,28/06/2026 07:00,SPX5,137849044591,RETAIL,B0H2S4CGTL,7JQA8HDW,5,5
28-нжднж,28/06/2026 07:00,SPX5,137849044591,RETAIL,B0H2S4C8SY,7JQA8HDW,5,5
28-нжднж,28/06/2026 07:00,SPX5,137849044591,RETAIL,B0H2S49MPL,7JQA8HDW,5,5
28-нжднж,28/06/2026 07:00,SPX5,137849044591,RETAIL,B0H2S49FQY,7JQA8HDW,5,5
28-нжднж,28/06/2026 07:00,SPX5,137849044591,RETAIL,B0H2S49FPS,7JQA8HDW,3,5
28-нжднж,28/06/2026 07:00,SPX5,137849044591,RETAIL,B0H2S475D5,7JQA8HDW,5,5
28-нжднж,28/06/2026 07:00,SPX5,137849044591,RETAIL,B0H2S451JQ,7JQA8HDW,2,5
28-нжднж,28/06/2026 07:00,SPX5,137849044591,RETAIL,B0H2S44FPD,7JQA8HDW,5,5
28-нжднж,28/06/2026 07:00,SPX5,137849044591,RETAIL,B0H2S444HD,7JQA8HDW,5,5
28-нжднж,28/06/2026 07:00,SPX5,137849044591,RETAIL,B0H2S42XTD,7JQA8HDW,5,5
28-нжднж,28/06/2026 07:00,SPX5,137849044591,RETAIL,B0H2S421HD,7JQA8HDW,5,5
28-нжднж,28/06/2026 07:00,SPX5,137849044591,RETAIL,B0H2S3VJYQ,7JQA8HDW,4,5
28-нжднж,28/06/2026 07:00,SPX5,137849044591,RETAIL,B0H2S3V42F,7JQA8HDW,5,5
28-нжднж,28/06/2026 07:00,SPX5,137849044591,RETAIL,B0H2S3TYH9,7JQA8HDW,3,5
28-нжднж,28/06/2026 07:00,SPX5,137849044591,RETAIL,B0H2S3RRBV,7JQA8HDW,4,5
28-нжднж,28/06/2026 07:00,SPX5,137849044591,RETAIL,B0H2S3RBJM,7JQA8HDW,5,5
28-нжднж,28/06/2026 07:00,SPX5,137849044591,RETAIL,B0H2S3QMJM,7JQA8HDW,5,5
28-нжднж,28/06/2026 07:00,SPX5,137849044591,RETAIL,B0H2S3QFCH,7JQA8HDW,4,5
28-нжднж,28/06/2026 07:00,SPX5,137849044591,RETAIL,B0H2S3PBTD,7JQA8HDW,4,5
28-нжднж,28/06/2026 07:00,SPX5,137849044591,RETAIL,B0H2S3N9B7,7JQA8HDW,3,5
28-нжднж,28/06/2026 07:00,SPX5,137849044591,RETAIL,B0H2S3M7NF,7JQA8HDW,3,5
28-нжднж,28/06/2026 07:00,SPX5,137849044591,RETAIL,B0H2S3LTBR,7JQA8HDW,1,5
28-нжднж,28/06/2026 07:00,SPX5,137849044591,RETAIL,B0H2S3JTPG,7JQA8HDW,5,5
28-нжднж,28/06/2026 07:00,SPX5,137849044591,RETAIL,B0H2S3C4PZ,7JQA8HDW,5,5
28-нжднж,28/06/2026 07:00,SPX5,137849044591,RETAIL,B0H2S3B3SP,7JQA8HDW,3,5
28-нжднж,28/06/2026 07:00,SPX5,137849044591,RETAIL,B0H2S393XF,7JQA8HDW,5,5
28-нжднж,28/06/2026 07:00,SPX5,137849044591,RETAIL,B0H2S353MZ,7JQA8HDW,4,5
28-нжднж,28/06/2026 07:00,SPX5,137849044591,RETAIL,B0H2S33DFR,7JQA8HDW,5,5
28-нжднж,28/06/2026 07:00,SPX5,137849044591,RETAIL,B0H2S32GFZ,7JQA8HDW,5,5
28-нжднж,28/06/2026 07:00,SPX5,137849044591,RETAIL,B0H2S31KX7,7JQA8HDW,5,5
28-нжднж,28/06/2026 07:00,SPX5,137849044591,RETAIL,B0H2S2Z2K7,7JQA8HDW,5,5
28-нжднж,28/06/2026 07:00,SPX5,137849044591,RETAIL,B0H2S2T4CH,7JQA8HDW,5,5
28-нжднж,28/06/2026 07:00,SPX5,137849044591,RETAIL,B0H2S2LCV8,7JQA8HDW,5,5
28-нжднж,28/06/2026 07:00,SPX5,137849044591,RETAIL,B0H2S2LCST,7JQA8HDW,5,5
28-нжднж,28/06/2026 07:00,SPX5,137849044591,RETAIL,B0H2S2L62W,7JQA8HDW,4,5
28-нжднж,28/06/2026 07:00,SPX5,137849044591,RETAIL,B0H2S2KC6B,7JQA8HDW,5,5
28-нжднж,28/06/2026 07:00,SPX5,137849044591,RETAIL,B0H2S2HRJ4,7JQA8HDW,1,5
28-нжднж,28/06/2026 07:00,SPX5,137849044591,RETAIL,B0H2S2HRH4,7JQA8HDW,5,5
28-нжднж,28/06/2026 07:00,SPX5,137849044591,RETAIL,B0H2S2HKHB,7JQA8HDW,5,5
28-нжднж,28/06/2026 07:00,SPX5,137849044591,RETAIL,B0H2S2H2R4,7JQA8HDW,5,5
28-нжднж,28/06/2026 07:00,SPX5,137849044591,RETAIL,B0H2S26M7H,7JQA8HDW,5,5
28-нжднж,28/06/2026 07:00,SPX5,137849044591,RETAIL,B0H2S26M6H,7JQA8HDW,5,5
28-нжднж,28/06/2026 07:00,SPX5,137849044591,RETAIL,B0H2S251H4,7JQA8HDW,5,5
28-нжднж,28/06/2026 07:00,SPX5,137849044591,RETAIL,B0H2S24TFJ,7JQA8HDW,5,5
28-нжднж,28/06/2026 07:00,SPX5,137849044591,RETAIL,B0H2S24LKC,7JQA8HDW,5,5
28-нжднж,28/06/2026 07:00,SPX5,137849044591,RETAIL,B0H2S24HM3,7JQA8HDW,5,5
28-нжднж,28/06/2026 07:00,SPX5,137849044591,RETAIL,B0H2S23YNL,7JQA8HDW,2,5
28-нжднж,28/06/2026 07:00,SPX5,137849044591,RETAIL,B0H2S21W6L,7JQA8HDW,5,5
28-нжднж,28/06/2026 07:00,SPX5,137849044591,RETAIL,B0H2S1ZYMS,7JQA8HDW,5,5
28-нжднж,28/06/2026 07:00,SPX5,137849044591,RETAIL,B0H2S1Z9JH,7JQA8HDW,4,5
28-нжднж,28/06/2026 07:00,SPX5,137849044591,RETAIL,B0H2S1YNFJ,7JQA8HDW,5,5
28-нжднж,28/06/2026 07:00,SPX5,137849044591,RETAIL,B0H2S1Y3BD,7JQA8HDW,5,5
28-нжднж,28/06/2026 07:00,SPX5,137849044591,RETAIL,B0H2S1XRPC,7JQA8HDW,4,5
28-нжднж,28/06/2026 07:00,SPX5,137849044591,RETAIL,B0H2S1W1FG,7JQA8HDW,2,5
28-нжднж,28/06/2026 07:00,SPX5,137849044591,RETAIL,B0H2S1SHB9,7JQA8HDW,5,5
28-нжднж,28/06/2026 07:00,SPX5,137849044591,RETAIL,B0H2S1LSMS,7JQA8HDW,5,5
28-нжднж,28/06/2026 07:00,SPX5,137849044591,RETAIL,B0H2S1JQMZ,7JQA8HDW,5,5
28-нжднж,28/06/2026 07:00,SPX5,137849044591,RETAIL,B0H2S1DP8S,7JQA8HDW,5,5
28-нжднж,28/06/2026 07:00,SPX5,137849044591,RETAIL,B0H2S1D8PP,7JQA8HDW,2,5
28-нжднж,28/06/2026 07:00,SPX5,137849044591,RETAIL,B0H2S1D1K8,7JQA8HDW,3,5
28-нжднж,28/06/2026 07:00,SPX5,137849044591,RETAIL,B0H2S189TH,7JQA8HDW,4,5
28-нжднж,28/06/2026 07:00,SPX5,137849044591,RETAIL,B0H2S17W4K,7JQA8HDW,3,5
28-нжднж,28/06/2026 07:00,SPX5,137849044591,RETAIL,B0H2S1768S,7JQA8HDW,5,5
28-нжднж,28/06/2026 07:00,SPX5,137849044591,RETAIL,B0H2S11SKP,7JQA8HDW,5,5
28-нжднж,28/06/2026 07:00,SPX5,137849044591,RETAIL,B0H2RZP937,7JQA8HDW,4,5
28-нжднж,28/06/2026 07:00,SPX5,137849044591,RETAIL,B0H2RZN2PD,7JQA8HDW,5,5
28-нжднж,28/06/2026 07:00,SPX5,137849044591,RETAIL,B0H2RZMBH1,7JQA8HDW,4,5
28-нжднж,28/06/2026 07:00,SPX5,137849044591,RETAIL,B0H2RZM7QB,7JQA8HDW,5,5
28-нжднж,28/06/2026 07:00,SPX5,137849044591,RETAIL,B0H2RZKXH6,7JQA8HDW,5,5
28-нжднж,28/06/2026 07:00,SPX5,137849044591,RETAIL,B0H2RZKQZX,7JQA8HDW,2,5
28-нжднж,28/06/2026 07:00,SPX5,137849044591,RETAIL,B0H2RZK6SY,7JQA8HDW,5,5
28-нжднж,28/06/2026 07:00,SPX5,137849044591,RETAIL,B0H2RZJGD3,7JQA8HDW,5,5
28-нжднж,28/06/2026 07:00,SPX5,137849044591,RETAIL,B0H2RZJ4RC,7JQA8HDW,2,5
28-нжднж,28/06/2026 07:00,SPX5,137849044591,RETAIL,B0H2RZCPNV,7JQA8HDW,5,5
28-нжднж,28/06/2026 07:00,SPX5,137849044591,RETAIL,B0H2RZ37GV,7JQA8HDW,4,5
28-нжднж,28/06/2026 07:00,SPX5,137849044591,RETAIL,B0H2RYYP4G,7JQA8HDW,5,5
28-нжднж,28/06/2026 07:00,SPX5,137849044591,RETAIL,B0H2RYYP38,7JQA8HDW,5,5
28-нжднж,28/06/2026 07:00,SPX5,137849044591,RETAIL,B0H2RYQ1HP,7JQA8HDW,5,5
28-нжднж,28/06/2026 07:00,SPX5,137849044591,RETAIL,B0H2RY11ZH,7JQA8HDW,4,5
28-нжднж,28/06/2026 07:00,SPX5,137849044591,RETAIL,B0H2RXYZ5C,7JQA8HDW,4,5
28-нжднж,28/06/2026 07:00,SPX5,137849044591,RETAIL,B0H2RXPG8G,7JQA8HDW,3,5
28-нжднж,28/06/2026 07:00,SPX5,137849044591,RETAIL,B0H2RXMTDN,7JQA8HDW,5,5
28-нжднж,28/06/2026 07:00,SPX5,137849044591,RETAIL,B0H2RXLQKG,7JQA8HDW,3,5
28-нжднж,28/06/2026 07:00,SPX5,137849044591,RETAIL,B0H2RXHXNK,7JQA8HDW,5,5
28-нжднж,28/06/2026 07:00,SPX5,137849044591,RETAIL,B0H2RXGQVJ,7JQA8HDW,5,5
28-нжднж,28/06/2026 07:00,SPX5,137849044591,RETAIL,B0H2RXDBHL,7JQA8HDW,5,5
28-нжднж,28/06/2026 07:00,SPX5,137849044591,RETAIL,B0H2RX817N,7JQA8HDW,4,5
28-нжднж,28/06/2026 07:00,SPX5,137849044591,RETAIL,B0H2RX817G,7JQA8HDW,4,5
28-нжднж,28/06/2026 07:00,SPX5,137849044591,RETAIL,B0H2RX7887,7JQA8HDW,5,5
28-нжднж,28/06/2026 07:00,SPX5,137849044591,RETAIL,B0H2RWTPHL,7JQA8HDW,3,5
28-нжднж,28/06/2026 07:00,SPX5,137849044591,RETAIL,B0H2RWT9FW,7JQA8HDW,5,5
28-нжднж,28/06/2026 07:00,SPX5,137849044591,RETAIL,B0H2RWSBZS,7JQA8HDW,5,5
28-нжднж,28/06/2026 07:00,SPX5,137849044591,RETAIL,B0H2RWHBRM,7JQA8HDW,5,5
28-нжднж,28/06/2026 07:00,SPX5,137849044591,RETAIL,B0H2RW2GX4,7JQA8HDW,2,5
28-нжднж,28/06/2026 07:00,SPX5,137849044591,RETAIL,B0H2RVNL27,7JQA8HDW,3,5
28-нжднж,28/06/2026 07:00,SPX5,137849044591,RETAIL,B0H2RVN868,7JQA8HDW,5,5
28-нжднж,28/06/2026 07:00,SPX5,137849044591,RETAIL,B0H2RVL8JM,7JQA8HDW,5,5
28-нжднж,28/06/2026 07:00,SPX5,137849044591,RETAIL,B0H2RVJYCZ,7JQA8HDW,4,5
28-нжднж,28/06/2026 07:00,SPX5,137849044591,RETAIL,B0H2RVJYCW,7JQA8HDW,4,5
28-нжднж,28/06/2026 07:00,SPX5,137849044591,RETAIL,B0H2RVHPKK,7JQA8HDW,4,5
28-нжднж,28/06/2026 07:00,SPX5,137849044591,RETAIL,B0H2RVGQKR,7JQA8HDW,3,5
28-нжднж,28/06/2026 07:00,SPX5,137849044591,RETAIL,B0H2RVD8SK,7JQA8HDW,2,5
28-нжднж,28/06/2026 07:00,SPX5,137849044591,RETAIL,B0H2RV951C,7JQA8HDW,4,5
28-нжднж,28/06/2026 07:00,SPX5,137849044591,RETAIL,B0H2RV926N,7JQA8HDW,5,5
28-нжднж,28/06/2026 07:00,SPX5,137849044591,RETAIL,B0H2RS1YY5,7JQA8HDW,5,5
28-нжднж,28/06/2026 07:00,SPX5,137849044591,RETAIL,B0H2RRTVSF,7JQA8HDW,3,5
28-нжднж,28/06/2026 07:00,SPX5,137849044591,RETAIL,B0H2RRS748,7JQA8HDW,2,5
28-нжднж,28/06/2026 07:00,SPX5,137849044591,RETAIL,B0H2RRJB1T,7JQA8HDW,5,5
28-нжднж,28/06/2026 07:00,SPX5,137849044591,RETAIL,B0H2RRHWZ6,7JQA8HDW,5,5
,,,,,,,,
,,,,,,,,
,,,,,,,,
,,,,,,,,
,,,,,,,,
,,,,,,,,
,,,,,,,,
,,,,,,,,
,,,,,,,,
,,,,,,,,
,,,,,,,,
,,,,,,,,
,,,,,,,,
,,,,,,,,
,,,,,,,,
,,,,,,,,
,,,,,,,,
,,,,,,,,
,,,,,,,,
,,,,,,,,
,,,,,,,,
,,,,,,,,
,,,,,,,,
,,,,,,,,
,,,,,,,,
,,,,,,,,
,,,,,,,,
,,,,,,,,
,,,,,,,,
,,,,,,,,
,,,,,,,,
,,,,,,,,
,,,,,,,,
,,,,,,,,
,,,,,,,,
,,,,,,,,
,,,,,,,,
,,,,,,,,
,,,,,,,,
,,,,,,,,
,,,,,,,,
,,,,,,,,
,,,,,,,,
,,,,,,,,
,,,,,,,,
,,,,,,,,
,,,,,,,,
,,,,,,,,
,,,,,,,,
,,,,,,,,
,,,,,,,,
,,,,,,,,
,,,,,,,,
,,,,,,,,
,,,,,,,,
,,,,,,,,
,,,,,,,,
,,,,,,,,
,,,,,,,,
,,,,,,,,
,,,,,,,,
,,,,,,,,
,,,,,,,,
,,,,,,,,
,,,,,,,,
,,,,,,,,
,,,,,,,,
,,,,,,,,
,,,,,,,,
,,,,,,,,
,,,,,,,,
,,,,,,,,
,,,,,,,,
,,,,,,,,
,,,,,,,,
,,,,,,,,
,,,,,,,,
,,,,,,,,
,,,,,,,,
,,,,,,,,
,,,,,,,,
,,,,,,,,
,,,,,,,,
,,,,,,,,
,,,,,,,,
,,,,,,,,
,,,,,,,,
,,,,,,,,
,,,,,,,,
,,,,,,,,
,,,,,,,,
,,,,,,,,
,,,,,,,,
,,,,,,,,
,,,,,,,,
,,,,,,,,
,,,,,,,,
,,,,,,,,
,,,,,,,,
,,,,,,,,
,,,,,,,,
,,,,,,,,
,,,,,,,,
,,,,,,,,
,,,,,,,,
,,,,,,,,
,,,,,,,,
,,,,,,,,
,,,,,,,,
,,,,,,,,
,,,,,,,,
,,,,,,,,
,,,,,,,,
,,,,,,,,
,,,,,,,,
,,,,,,,,
,,,,,,,,
,,,,,,,,
,,,,,,,,
,,,,,,,,
,,,,,,,,
,,,,,,,,
,,,,,,,,
,,,,,,,,
,,,,,,,,
,,,,,,,,
,,,,,,,,
,,,,,,,,
,,,,,,,,
,,,,,,,,
,,,,,,,,
,,,,,,,,
,,,,,,,,
,,,,,,,,
,,,,,,,,
,,,,,,,,
,,,,,,,,
,,,,,,,,
,,,,,,,,
,,,,,,,,
,,,,,,,,
,,,,,,,,
,,,,,,,,
,,,,,,,,
,,,,,,,,
,,,,,,,,
,,,,,,,,
,,,,,,,,
,,,,,,,,
,,,,,,,,
,,,,,,,,
,,,,,,,,
,,,,,,,,
,,,,,,,,
,,,,,,,,
,,,,,,,,
,,,,,,,,
,,,,,,,,
,,,,,,,,
,,,,,,,,
,,,,,,,,
,,,,,,,,
,,,,,,,,
,,,,,,,,
,,,,,,,,
,,,,,,,,
,,,,,,,,
,,,,,,,,
,,,,,,,,
,,,,,,,,
,,,,,,,,
,,,,,,,,
,,,,,,,,
,,,,,,,,
,,,,,,,,
,,,,,,,,
,,,,,,,,
,,,,,,,,
,,,,,,,,
,,,,,,,,
,,,,,,,,
,,,,,,,,
,,,,,,,,
,,,,,,,,
,,,,,,,,
,,,,,,,,
,,,,,,,,
,,,,,,,,
,,,,,,,,
,,,,,,,,
,,,,,,,,
,,,,,,,,
,,,,,,,,
,,,,,,,,
,,,,,,,,
,,,,,,,,
,,,,,,,,
,,,,,,,,
,,,,,,,,
,,,,,,,,
,,,,,,,,
,,,,,,,,
,,,,,,,,
,,,,,,,,
,,,,,,,,
,,,,,,,,
,,,,,,,,
,,,,,,,,
,,,,,,,,
,,,,,,,,
,,,,,,,,
,,,,,,,,
,,,,,,,,
,,,,,,,,
,,,,,,,,
,,,,,,,,
,,,,,,,,
,,,,,,,,
,,,,,,,,
,,,,,,,,
,,,,,,,,
,,,,,,,,
,,,,,,,,
,,,,,,,,
,,,,,,,,
,,,,,,,,
,,,,,,,,
,,,,,,,,
,,,,,,,,
,,,,,,,,
,,,,,,,,
,,,,,,,,
,,,,,,,,
,,,,,,,,
,,,,,,,,
,,,,,,,,
,,,,,,,,
,,,,,,,,
,,,,,,,,
,,,,,,,,
,,,,,,,,
,,,,,,,,
,,,,,,,,
,,,,,,,,
,,,,,,,,
,,,,,,,,
,,,,,,,,
,,,,,,,,
,,,,,,,,
,,,,,,,,
,,,,,,,,
,,,,,,,,
,,,,,,,,
,,,,,,,,
,,,,,,,,
,,,,,,,,
,,,,,,,,
,,,,,,,,
,,,,,,,,
,,,,,,,,
,,,,,,,,
,,,,,,,,
,,,,,,,,
,,,,,,,,
,,,,,,,,
,,,,,,,,
,,,,,,,,
,,,,,,,,
,,,,,,,,
,,,,,,,,
,,,,,,,,
,,,,,,,,
,,,,,,,,
,,,,,,,,
,,,,,,,,
,,,,,,,,
,,,,,,,,
,,,,,,,,
,,,,,,,,
,,,,,,,,
,,,,,,,,
,,,,,,,,
,,,,,,,,
,,,,,,,,
,,,,,,,,
,,,,,,,,
,,,,,,,,
,,,,,,,,
,,,,,,,,
,,,,,,,,
,,,,,,,,
,,,,,,,,
,,,,,,,,
,,,,,,,,
,,,,,,,,
,,,,,,,,
,,,,,,,,
,,,,,,,,
,,,,,,,,
,,,,,,,,
,,,,,,,,
,,,,,,,,
,,,,,,,,
,,,,,,,,
,,,,,,,,
,,,,,,,,
,,,,,,,,
,,,,,,,,
,,,,,,,,
,,,,,,,,
,,,,,,,,
,,,,,,,,
,,,,,,,,
,,,,,,,,
,,,,,,,,
,,,,,,,,
,,,,,,,,
,,,,,,,,
,,,,,,,,
,,,,,,,,
,,,,,,,,
,,,,,,,,
,,,,,,,,
,,,,,,,,
,,,,,,,,
,,,,,,,,
,,,,,,,,
,,,,,,,,
,,,,,,,,
,,,,,,,,
,,,,,,,,
,,,,,,,,
,,,,,,,,
,,,,,,,,
,,,,,,,,
,,,,,,,,
,,,,,,,,
,,,,,,,,
,,,,,,,,
,,,,,,,,
,,,,,,,,
,,,,,,,,
,,,,,,,,
,,,,,,,,
,,,,,,,,
,,,,,,,,
,,,,,,,,
,,,,,,,,
,,,,,,,,
,,,,,,,,
,,,,,,,,
,,,,,,,,
,,,,,,,,
,,,,,,,,
,,,,,,,,
,,,,,,,,
,,,,,,,,
,,,,,,,,
,,,,,,,,
,,,,,,,,
,,,,,,,,
,,,,,,,,
,,,,,,,,
,,,,,,,,
,,,,,,,,
,,,,,,,,
,,,,,,,,
,,,,,,,,
,,,,,,,,
,,,,,,,,
,,,,,,,,
,,,,,,,,
,,,,,,,,
,,,,,,,,
,,,,,,,,
,,,,,,,,
,,,,,,,,
,,,,,,,,
,,,,,,,,
,,,,,,,,
,,,,,,,,
,,,,,,,,
,,,,,,,,
,,,,,,,,
,,,,,,,,
,,,,,,,,
,,,,,,,,
,,,,,,,,
,,,,,,,,
,,,,,,,,
,,,,,,,,
,,,,,,,,
,,,,,,,,
,,,,,,,,
,,,,,,,,
,,,,,,,,
,,,,,,,,
,,,,,,,,
,,,,,,,,
,,,,,,,,
,,,,,,,,
,,,,,,,,
,,,,,,,,
,,,,,,,,
,,,,,,,,
,,,,,,,,
,,,,,,,,
,,,,,,,,
,,,,,,,,
,,,,,,,,
,,,,,,,,
,,,,,,,,
,,,,,,,,
,,,,,,,,
,,,,,,,,
,,,,,,,,
,,,,,,,,
,,,,,,,,
,,,,,,,,
,,,,,,,,
,,,,,,,,
,,,,,,,,
,,,,,,,,
,,,,,,,,
,,,,,,,,
,,,,,,,,
,,,,,,,,
,,,,,,,,
,,,,,,,,
,,,,,,,,
,,,,,,,,
,,,,,,,,
,,,,,,,,
,,,,,,,,
,,,,,,,,
,,,,,,,,
,,,,,,,,
,,,,,,,,
,,,,,,,,
,,,,,,,,
,,,,,,,,
,,,,,,,,
,,,,,,,,
,,,,,,,,
,,,,,,,,
,,,,,,,,
,,,,,,,,
,,,,,,,,
,,,,,,,,
,,,,,,,,
,,,,,,,,
,,,,,,,,
,,,,,,,,
,,,,,,,,
,,,,,,,,
,,,,,,,,
,,,,,,,,
,,,,,,,,
,,,,,,,,
,,,,,,,,
,,,,,,,,
,,,,,,,,
,,,,,,,,
,,,,,,,,
,,,,,,,,
,,,,,,,,
,,,,,,,,
,,,,,,,,
,,,,,,,,
,,,,,,,,
,,,,,,,,
,,,,,,,,
,,,,,,,,
,,,,,,,,
,,,,,,,,
,,,,,,,,
,,,,,,,,
,,,,,,,,
,,,,,,,,
,,,,,,,,
,,,,,,,,
,,,,,,,,
,,,,,,,,
,,,,,,,,
,,,,,,,,
,,,,,,,,
,,,,,,,,
,,,,,,,,
,,,,,,,,
,,,,,,,,
,,,,,,,,
,,,,,,,,
,,,,,,,,
,,,,,,,,
,,,,,,,,
,,,,,,,,
,,,,,,,,
,,,,,,,,
,,,,,,,,
,,,,,,,,
,,,,,,,,
,,,,,,,,
,,,,,,,,
,,,,,,,,
,,,,,,,,
,,,,,,,,
,,,,,,,,
,,,,,,,,
,,,,,,,,
,,,,,,,,
,,,,,,,,
,,,,,,,,
,,,,,,,,
,,,,,,,,
,,,,,,,,
,,,,,,,,
,,,,,,,,
,,,,,,,,
,,,,,,,,
,,,,,,,,
,,,,,,,,
,,,,,,,,
,,,,,,,,
,,,,,,,,
,,,,,,,,
,,,,,,,,
,,,,,,,,
,,,,,,,,
,,,,,,,,
,,,,,,,,
,,,,,,,,
,,,,,,,,
,,,,,,,,
,,,,,,,,
,,,,,,,,
,,,,,,,,
,,,,,,,,
,,,,,,,,
,,,,,,,,
,,,,,,,,
,,,,,,,,
,,,,,,,,
,,,,,,,,
,,,,,,,,
,,,,,,,,
,,,,,,,,
,,,,,,,,
,,,,,,,,
,,,,,,,,
,,,,,,,,
,,,,,,,,
,,,,,,,,
,,,,,,,,
,,,,,,,,
,,,,,,,,
,,,,,,,,
,,,,,,,,
,,,,,,,,
,,,,,,,,
,,,,,,,,
,,,,,,,,
,,,,,,,,
,,,,,,,,
,,,,,,,,
,,,,,,,,
,,,,,,,,
,,,,,,,,
,,,,,,,,
,,,,,,,,
,,,,,,,,
,,,,,,,,
,,,,,,,,
,,,,,,,,
,,,,,,,,
,,,,,,,,
,,,,,,,,
,,,,,,,,
,,,,,,,,
,,,,,,,,
,,,,,,,,
,,,,,,,,
,,,,,,,,
,,,,,,,,
,,,,,,,,
,,,,,,,,
,,,,,,,,
,,,,,,,,
,,,,,,,,
,,,,,,,,
,,,,,,,,
,,,,,,,,
,,,,,,,,
,,,,,,,,
,,,,,,,,
,,,,,,,,
,,,,,,,,
,,,,,,,,
,,,,,,,,
,,,,,,,,
,,,,,,,,
,,,,,,,,
,,,,,,,,
,,,,,,,,
,,,,,,,,
,,,,,,,,
,,,,,,,,
,,,,,,,,
,,,,,,,,
,,,,,,,,
,,,,,,,,
,,,,,,,,
,,,,,,,,
,,,,,,,,
,,,,,,,,
,,,,,,,,
,,,,,,,,
,,,,,,,,
,,,,,,,,
,,,,,,,,
,,,,,,,,
,,,,,,,,
,,,,,,,,
,,,,,,,,
,,,,,,,,
,,,,,,,,
,,,,,,,,
,,,,,,,,
,,,,,,,,
,,,,,,,,
,,,,,,,,
,,,,,,,,
,,,,,,,,
,,,,,,,,
,,,,,,,,
,,,,,,,,
,,,,,,,,
,,,,,,,,
,,,,,,,,
,,,,,,,,
,,,,,,,,
,,,,,,,,
,,,,,,,,
,,,,,,,,
,,,,,,,,
,,,,,,,,
,,,,,,,,
,,,,,,,,
,,,,,,,,
,,,,,,,,
,,,,,,,,
,,,,,,,,
,,,,,,,,
,,,,,,,,
,,,,,,,,
,,,,,,,,
,,,,,,,,
,,,,,,,,
,,,,,,,,
,,,,,,,,
,,,,,,,,
,,,,,,,,
,,,,,,,,
,,,,,,,,
,,,,,,,,
,,,,,,,,
,,,,,,,,
,,,,,,,,
,,,,,,,,
,,,,,,,,
,,,,,,,,
,,,,,,,,
,,,,,,,,
,,,,,,,,
,,,,,,,,
,,,,,,,,
,,,,,,,,
,,,,,,,,
,,,,,,,,
,,,,,,,,
,,,,,,,,
,,,,,,,,
,,,,,,,,
,,,,,,,,
,,,,,,,,
,,,,,,,,
,,,,,,,,
,,,,,,,,
,,,,,,,,
,,,,,,,,
,,,,,,,,
,,,,,,,,
,,,,,,,,
,,,,,,,,
,,,,,,,,
,,,,,,,,
,,,,,,,,
,,,,,,,,
,,,,,,,,
,,,,,,,,
,,,,,,,,
,,,,,,,,
,,,,,,,,
,,,,,,,,
,,,,,,,,
,,,,,,,,
,,,,,,,,
,,,,,,,,
,,,,,,,,
,,,,,,,,
,,,,,,,,
,,,,,,,,
,,,,,,,,
,,,,,,,,
,,,,,,,,
,,,,,,,,
,,,,,,,,
,,,,,,,,
,,,,,,,,
,,,,,,,,
,,,,,,,,
,,,,,,,,
,,,,,,,,
,,,,,,,,
,,,,,,,,
,,,,,,,,
,,,,,,,,
,,,,,,,,
,,,,,,,,
,,,,,,,,
,,,,,,,,
,,,,,,,,
,,,,,,,,
,,,,,,,,
,,,,,,,,
,,,,,,,,
,,,,,,,,
,,,,,,,,
,,,,,,,,
,,,,,,,,
,,,,,,,,
,,,,,,,,
,,,,,,,,
,,,,,,,,
,,,,,,,,
,,,,,,,,
,,,,,,,,
,,,,,,,,
,,,,,,,,
,,,,,,,,
,,,,,,,,
,,,,,,,,
,,,,,,,,
,,,,,,,,
,,,,,,,,
,,,,,,,,
,,,,,,,,
,,,,,,,,
,,,,,,,,
,,,,,,,,
,,,,,,,,
,,,,,,,,
,,,,,,,,
,,,,,,,,
,,,,,,,,
,,,,,,,,
,,,,,,,,
,,,,,,,,
,,,,,,,,
,,,,,,,,
,,,,,,,,
,,,,,,,,
,,,,,,,,
,,,,,,,,
,,,,,,,,
,,,,,,,,
,,,,,,,,
,,,,,,,,
,,,,,,,,
,,,,,,,,
,,,,,,,,
,,,,,,,,
