»«—ﬂÊœ;⁄œœ Ã—œ;ZONE;;;;;;;;;;;;;;;
105392;8;f2 z10 mahmoud;;;;;;;;;;;;;;;
14448;1;f2 z10 mahmoud;;;;;;;;;;;;;;;
118448;15;f2 z10 mahmoud;;;;;;;;;;;;;;;
117657;17;f2 z10 mahmoud;;;;;;;;;;;;;;;
114915;1;zone end essam;;;;;;;;;;;;;;;
141872;1;zone end essam;;;;;;;;;;;;;;;
92409;1;zone end essam;;;;;;;;;;;;;;;
270;1;zone end essam;;;;;;;;;;;;;;;
123321;1;zone end essam;;;;;;;;;;;;;;;
104547;1;zone end essam;;;;;;;;;;;;;;;
95477;1;zone end essam;;;;;;;;;;;;;;;
142002;1;zone end essam;;;;;;;;;;;;;;;
141923;1;zone end essam;;;;;;;;;;;;;;;
73634;1;zone end essam;;;;;;;;;;;;;;;
113623;1;zone end essam;;;;;;;;;;;;;;;
105617;1;zone end essam;;;;;;;;;;;;;;;
113619;1;zone end essam;;;;;;;;;;;;;;;
105579;1;zone end essam;;;;;;;;;;;;;;;
122635;1;zone end essam;;;;;;;;;;;;;;;
69211;1;zone end essam;;;;;;;;;;;;;;;
72016;2;zone end essam;;;;;;;;;;;;;;;
74465;1;zone end essam;;;;;;;;;;;;;;;
103935;1;zone end essam;;;;;;;;;;;;;;;
145743;1;zone end essam;;;;;;;;;;;;;;;
74545;1;zone end essam;;;;;;;;;;;;;;;
145890;1;zone end essam;;;;;;;;;;;;;;;
113634;1;zone end essam;;;;;;;;;;;;;;;
43687;1;zone end essam;;;;;;;;;;;;;;;
43674;1;zone end essam;;;;;;;;;;;;;;;
117612;1;zone end essam;;;;;;;;;;;;;;;
121219;1;zone end essam;;;;;;;;;;;;;;;
121221;1;zone end essam;;;;;;;;;;;;;;;
121224;1;zone end essam;;;;;;;;;;;;;;;
121231;2;zone end essam;;;;;;;;;;;;;;;
147919;1;zone end essam;;;;;;;;;;;;;;;
147637;1;zone end essam;;;;;;;;;;;;;;;
121229;1;zone end essam;;;;;;;;;;;;;;;
148294;1;zone end essam;;;;;;;;;;;;;;;
148253;1;zone end essam;;;;;;;;;;;;;;;
158303;1;zone end essam;;;;;;;;;;;;;;;
147777;1;zone end essam;;;;;;;;;;;;;;;
121220;1;zone end essam;;;;;;;;;;;;;;;
147662;1;zone end essam;;;;;;;;;;;;;;;
155551;1;zone end essam;;;;;;;;;;;;;;;
148037;1;zone end essam;;;;;;;;;;;;;;;
121232;2;zone end essam;;;;;;;;;;;;;;;
157604;1;zone end essam;;;;;;;;;;;;;;;
95684;1;zone end essam;;;;;;;;;;;;;;;
152785;1;zone end essam;;;;;;;;;;;;;;;
155496;1;zone end essam;;;;;;;;;;;;;;;
157940;1;zone end essam;;;;;;;;;;;;;;;
136635;1;zone end essam;;;;;;;;;;;;;;;
116278;2;zone end essam;;;;;;;;;;;;;;;
157404;1;zone end essam;;;;;;;;;;;;;;;
105200;1;zone end essam;;;;;;;;;;;;;;;
104640;1;zone end essam;;;;;;;;;;;;;;;
157423;1;zone end essam;;;;;;;;;;;;;;;
157403;2;zone end essam;;;;;;;;;;;;;;;
157405;1;zone end essam;;;;;;;;;;;;;;;
152357;1;zone end essam;;;;;;;;;;;;;;;
76916;1;zone end essam;;;;;;;;;;;;;;;
121926;1;zone end essam;;;;;;;;;;;;;;;
79306;1;zone end essam;;;;;;;;;;;;;;;
70211;1;zone end essam;;;;;;;;;;;;;;;
116980;1;zone end essam;;;;;;;;;;;;;;;
116161;1;zone end essam;;;;;;;;;;;;;;;
153866;1;zone end essam;;;;;;;;;;;;;;;
57220;1;zone end essam;;;;;;;;;;;;;;;
81359;1;zone end essam;;;;;;;;;;;;;;;
14722;1;zone end essam;;;;;;;;;;;;;;;
149150;1;zone end essam;;;;;;;;;;;;;;;
149144;2;zone end essam;;;;;;;;;;;;;;;
13823;2;zone end essam;;;;;;;;;;;;;;;
151526;1;zone end essam;;;;;;;;;;;;;;;
153905;1;zone end essam;;;;;;;;;;;;;;;
1677;1;zone end essam;;;;;;;;;;;;;;;
124057;1;zone end essam;;;;;;;;;;;;;;;
132064;1;zone end essam;;;;;;;;;;;;;;;
119560;1;zone end essam;;;;;;;;;;;;;;;
26230;1;zone end essam;;;;;;;;;;;;;;;
103946;1;zone end essam;;;;;;;;;;;;;;;
2849;1;zone end essam;;;;;;;;;;;;;;;
122634;1;zone end essam;;;;;;;;;;;;;;;
146874;1;zone end essam;;;;;;;;;;;;;;;
2852;1;zone end essam;;;;;;;;;;;;;;;
26231;1;zone end essam;;;;;;;;;;;;;;;
61137;1;zone end essam;;;;;;;;;;;;;;;
13794;1;zone end essam;;;;;;;;;;;;;;;
146902;1;zone end essam;;;;;;;;;;;;;;;
373;1;zone end essam;;;;;;;;;;;;;;;
15970;2;zone end essam;;;;;;;;;;;;;;;
59178;1;zone end essam;;;;;;;;;;;;;;;
77107;3;zone end essam;;;;;;;;;;;;;;;
130412;1;zone end essam;;;;;;;;;;;;;;;
146895;1;zone end essam;;;;;;;;;;;;;;;
3225;1;zone end essam;;;;;;;;;;;;;;;
11246;1;zone end essam;;;;;;;;;;;;;;;
153594;1;zone end essam;;;;;;;;;;;;;;;
85546;1;zone end essam;;;;;;;;;;;;;;;
124199;1;zone end essam;;;;;;;;;;;;;;;
68531;1;zone end essam;;;;;;;;;;;;;;;
123018;10;zone end essam;;;;;;;;;;;;;;;
56040;1;zone end essam;;;;;;;;;;;;;;;
43769;1;zone end essam;;;;;;;;;;;;;;;
44244;7;zone end essam;;;;;;;;;;;;;;;
23316;2;zone end essam;;;;;;;;;;;;;;;
59730;1;zone end essam;;;;;;;;;;;;;;;
44913;5;zone end essam;;;;;;;;;;;;;;;
133090;1;zone end essam;;;;;;;;;;;;;;;
139920;1;zone end essam;;;;;;;;;;;;;;;
154106;1;zone end essam;;;;;;;;;;;;;;;
144375;2;zone end essam;;;;;;;;;;;;;;;
144243;1;zone end essam;;;;;;;;;;;;;;;
143958;1;zone end essam;;;;;;;;;;;;;;;
144167;1;zone end essam;;;;;;;;;;;;;;;
69258;1;zone end essam;;;;;;;;;;;;;;;
144347;1;zone end essam;;;;;;;;;;;;;;;
144554;1;zone end essam;;;;;;;;;;;;;;;
144504;2;zone end essam;;;;;;;;;;;;;;;
126611;1;zone end essam;;;;;;;;;;;;;;;
133101;1;zone end essam;;;;;;;;;;;;;;;
61152;1;zone end essam;;;;;;;;;;;;;;;
113366;1;zone end essam;;;;;;;;;;;;;;;
146911;1;zone end essam;;;;;;;;;;;;;;;
3221;1;zone end essam;;;;;;;;;;;;;;;
153;1;zone end essam;;;;;;;;;;;;;;;
16075;1;zone end essam;;;;;;;;;;;;;;;
241;1;zone end essam;;;;;;;;;;;;;;;
293;1;zone end essam;;;;;;;;;;;;;;;
119474;1;zone end essam;;;;;;;;;;;;;;;
345;1;zone end essam;;;;;;;;;;;;;;;
143757;1;kasher essam;;;;;;;;;;;;;;;
135037;1;kasher essam;;;;;;;;;;;;;;;
135022;1;kasher essam;;;;;;;;;;;;;;;
135025;1;kasher essam;;;;;;;;;;;;;;;
144452;2;kasher essam;;;;;;;;;;;;;;;
118696;1;kasher essam;;;;;;;;;;;;;;;
144453;1;kasher essam;;;;;;;;;;;;;;;
150270;1;kasher essam;;;;;;;;;;;;;;;
132613;1;kasher essam;;;;;;;;;;;;;;;
144347;1;kasher essam;;;;;;;;;;;;;;;
144295;3;kasher essam;;;;;;;;;;;;;;;
144218;2;kasher essam;;;;;;;;;;;;;;;
109718;1;kasher essam;;;;;;;;;;;;;;;
144243;1;kasher essam;;;;;;;;;;;;;;;
135023;2;kasher essam;;;;;;;;;;;;;;;
28708;2;kasher essam;;;;;;;;;;;;;;;
96343;1;kasher essam;;;;;;;;;;;;;;;
96348;1;kasher essam;;;;;;;;;;;;;;;
96349;1;kasher essam;;;;;;;;;;;;;;;
96526;1;kasher essam;;;;;;;;;;;;;;;
96344;2;kasher essam;;;;;;;;;;;;;;;
96469;2;kasher essam;;;;;;;;;;;;;;;
96571;1;kasher essam;;;;;;;;;;;;;;;
96229;1;kasher essam;;;;;;;;;;;;;;;
113352;4;kasher essam;;;;;;;;;;;;;;;
96386;1;kasher essam;;;;;;;;;;;;;;;
96345;1;kasher essam;;;;;;;;;;;;;;;
96446;2;kasher essam;;;;;;;;;;;;;;;
137203;2;kasher essam;;;;;;;;;;;;;;;
137071;1;kasher essam;;;;;;;;;;;;;;;
137211;4;kasher essam;;;;;;;;;;;;;;;
137070;9;kasher essam;;;;;;;;;;;;;;;
137067;9;kasher essam;;;;;;;;;;;;;;;
137215;3;kasher essam;;;;;;;;;;;;;;;
137072;9;kasher essam;;;;;;;;;;;;;;;
137068;13;kasher essam;;;;;;;;;;;;;;;
137208;11;kasher essam;;;;;;;;;;;;;;;
137066;14;kasher essam;;;;;;;;;;;;;;;
137216;5;kasher essam;;;;;;;;;;;;;;;
137217;4;kasher essam;;;;;;;;;;;;;;;
137069;4;kasher essam;;;;;;;;;;;;;;;
137201;3;kasher essam;;;;;;;;;;;;;;;
137213;1;kasher essam;;;;;;;;;;;;;;;
142512;10;kasher essam;;;;;;;;;;;;;;;
137206;6;kasher essam;;;;;;;;;;;;;;;
137061;2;kasher essam;;;;;;;;;;;;;;;
137202;3;kasher essam;;;;;;;;;;;;;;;
84868;6;kasher essam;;;;;;;;;;;;;;;
46634;2;kasher essam;;;;;;;;;;;;;;;
113359;10;kasher essam;;;;;;;;;;;;;;;
84869;2;kasher essam;;;;;;;;;;;;;;;
113358;4;kasher essam;;;;;;;;;;;;;;;
23361;4;kasher essam;;;;;;;;;;;;;;;
120788;2;zone end essam;;;;;;;;;;;;;;;
141962;1;zone end essam;;;;;;;;;;;;;;;
339;1;zone end essam;;;;;;;;;;;;;;;
219;1;zone end essam;;;;;;;;;;;;;;;
294;2;zone end essam;;;;;;;;;;;;;;;
9263;1;zone end essam;;;;;;;;;;;;;;;
105391;1;zone end essam;;;;;;;;;;;;;;;
30536;1;zone end essam;;;;;;;;;;;;;;;
145482;5;zone end essam;;;;;;;;;;;;;;;
145484;4;zone end essam;;;;;;;;;;;;;;;
145480;1;zone end essam;;;;;;;;;;;;;;;
145485;2;zone end essam;;;;;;;;;;;;;;;
104552;1;zone end essam;;;;;;;;;;;;;;;
105393;6;zone end essam;;;;;;;;;;;;;;;
122927;1;zone end essam;;;;;;;;;;;;;;;
113628;1;zone end essam;;;;;;;;;;;;;;;
108667;1;zone end essam;;;;;;;;;;;;;;;
105607;1;zone end essam;;;;;;;;;;;;;;;
112796;1;zone end essam;;;;;;;;;;;;;;;
112790;1;zone end essam;;;;;;;;;;;;;;;
113635;2;zone end essam;;;;;;;;;;;;;;;
113632;2;zone end essam;;;;;;;;;;;;;;;
98451;1;zone end essam;;;;;;;;;;;;;;;
68523;1;zone end essam;;;;;;;;;;;;;;;
113633;1;zone end essam;;;;;;;;;;;;;;;
68956;1;zone end essam;;;;;;;;;;;;;;;
68532;1;zone end essam;;;;;;;;;;;;;;;
68519;3;zone end essam;;;;;;;;;;;;;;;
71130;1;zone end essam;;;;;;;;;;;;;;;
98403;1;zone end essam;;;;;;;;;;;;;;;
68528;1;zone end essam;;;;;;;;;;;;;;;
98521;1;zone end essam;;;;;;;;;;;;;;;
98520;1;zone end essam;;;;;;;;;;;;;;;
98465;2;zone end essam;;;;;;;;;;;;;;;
74000;1;zone end essam;;;;;;;;;;;;;;;
74010;1;zone end essam;;;;;;;;;;;;;;;
74556;1;zone end essam;;;;;;;;;;;;;;;
74551;1;zone end essam;;;;;;;;;;;;;;;
117041;2;zone end essam;;;;;;;;;;;;;;;
117043;5;zone end essam;;;;;;;;;;;;;;;
105605;1;zone end essam;;;;;;;;;;;;;;;
105603;3;zone end essam;;;;;;;;;;;;;;;
117051;3;zone end essam;;;;;;;;;;;;;;;
117053;2;zone end essam;;;;;;;;;;;;;;;
117050;3;zone end essam;;;;;;;;;;;;;;;
113625;1;zone end essam;;;;;;;;;;;;;;;
113627;1;zone end essam;;;;;;;;;;;;;;;
113626;1;zone end essam;;;;;;;;;;;;;;;
113624;2;zone end essam;;;;;;;;;;;;;;;
98469;1;zone end essam;;;;;;;;;;;;;;;
109144;1;zone end essam;;;;;;;;;;;;;;;
98484;1;zone end essam;;;;;;;;;;;;;;;
68520;1;zone end essam;;;;;;;;;;;;;;;
109120;1;zone end essam;;;;;;;;;;;;;;;
71125;1;zone end essam;;;;;;;;;;;;;;;
109143;2;zone end essam;;;;;;;;;;;;;;;
109145;1;zone end essam;;;;;;;;;;;;;;;
69794;1;zone end essam;;;;;;;;;;;;;;;
68527;1;zone end essam;;;;;;;;;;;;;;;
98427;1;zone end essam;;;;;;;;;;;;;;;
105619;1;zone end essam;;;;;;;;;;;;;;;
154309;1;‘Ê“«  Ê»—›«‰«  ﬂ«‘Ì— „Õ„Êœ;;;;;;;;;;;;;;;
117045;2;zone end essam;;;;;;;;;;;;;;;
154356;1;‘Ê“«  Ê»—›«‰«  ﬂ«‘Ì— „Õ„Êœ;;;;;;;;;;;;;;;
117048;1;zone end essam;;;;;;;;;;;;;;;
154401;1;‘Ê“«  Ê»—›«‰«  ﬂ«‘Ì— „Õ„Êœ;;;;;;;;;;;;;;;
105602;2;zone end essam;;;;;;;;;;;;;;;
136823;1;‘Ê“«  Ê»—›«‰«  ﬂ«‘Ì— „Õ„Êœ;;;;;;;;;;;;;;;
117046;1;zone end essam;;;;;;;;;;;;;;;
136908;1;‘Ê“«  Ê»—›«‰«  ﬂ«‘Ì— „Õ„Êœ;;;;;;;;;;;;;;;
74563;1;zone end essam;;;;;;;;;;;;;;;
137015;1;‘Ê“«  Ê»—›«‰«  ﬂ«‘Ì— „Õ„Êœ;;;;;;;;;;;;;;;
74012;3;zone end essam;;;;;;;;;;;;;;;
136846;1;‘Ê“«  Ê»—›«‰«  ﬂ«‘Ì— „Õ„Êœ;;;;;;;;;;;;;;;
74555;1;zone end essam;;;;;;;;;;;;;;;
136869;1;‘Ê“«  Ê»—›«‰«  ﬂ«‘Ì— „Õ„Êœ;;;;;;;;;;;;;;;
73999;2;zone end essam;;;;;;;;;;;;;;;
136876;1;‘Ê“«  Ê»—›«‰«  ﬂ«‘Ì— „Õ„Êœ;;;;;;;;;;;;;;;
73998;3;zone end essam;;;;;;;;;;;;;;;
136806;1;‘Ê“«  Ê»—›«‰«  ﬂ«‘Ì— „Õ„Êœ;;;;;;;;;;;;;;;
117056;2;zone end essam;;;;;;;;;;;;;;;
154455;1;‘Ê“«  Ê»—›«‰«  ﬂ«‘Ì— „Õ„Êœ;;;;;;;;;;;;;;;
117055;2;zone end essam;;;;;;;;;;;;;;;
136878;1;‘Ê“«  Ê»—›«‰«  ﬂ«‘Ì— „Õ„Êœ;;;;;;;;;;;;;;;
117058;4;zone end essam;;;;;;;;;;;;;;;
154466;1;‘Ê“«  Ê»—›«‰«  ﬂ«‘Ì— „Õ„Êœ;;;;;;;;;;;;;;;
98544;1;zone end essam;;;;;;;;;;;;;;;
154426;1;‘Ê“«  Ê»—›«‰«  ﬂ«‘Ì— „Õ„Êœ;;;;;;;;;;;;;;;
74557;1;zone end essam;;;;;;;;;;;;;;;
154410;1;‘Ê“«  Ê»—›«‰«  ﬂ«‘Ì— „Õ„Êœ;;;;;;;;;;;;;;;
69793;2;zone end essam;;;;;;;;;;;;;;;
150640;1;‘Ê“«  Ê»—›«‰«  ﬂ«‘Ì— „Õ„Êœ;;;;;;;;;;;;;;;
74559;2;zone end essam;;;;;;;;;;;;;;;
154315;1;‘Ê“«  Ê»—›«‰«  ﬂ«‘Ì— „Õ„Êœ;;;;;;;;;;;;;;;
74558;3;zone end essam;;;;;;;;;;;;;;;
154432;1;‘Ê“«  Ê»—›«‰«  ﬂ«‘Ì— „Õ„Êœ;;;;;;;;;;;;;;;
74001;1;zone end essam;;;;;;;;;;;;;;;
74554;2;zone end essam;;;;;;;;;;;;;;;
150603;1;‘Ê“«  Ê»—›«‰«  ﬂ«‘Ì— „Õ„Êœ;;;;;;;;;;;;;;;
74549;2;zone end essam;;;;;;;;;;;;;;;
154542;1;‘Ê“«  Ê»—›«‰«  ﬂ«‘Ì— „Õ„Êœ;;;;;;;;;;;;;;;
150721;1;‘Ê“«  Ê»—›«‰«  ﬂ«‘Ì— „Õ„Êœ;;;;;;;;;;;;;;;
74009;3;zone end essam;;;;;;;;;;;;;;;
154422;1;‘Ê“«  Ê»—›«‰«  ﬂ«‘Ì— „Õ„Êœ;;;;;;;;;;;;;;;
74547;1;zone end essam;;;;;;;;;;;;;;;
150706;1;‘Ê“«  Ê»—›«‰«  ﬂ«‘Ì— „Õ„Êœ;;;;;;;;;;;;;;;
74550;3;zone end essam;;;;;;;;;;;;;;;
150577;1;‘Ê“«  Ê»—›«‰«  ﬂ«‘Ì— „Õ„Êœ;;;;;;;;;;;;;;;
113630;2;zone end essam;;;;;;;;;;;;;;;
154504;1;‘Ê“«  Ê»—›«‰«  ﬂ«‘Ì— „Õ„Êœ;;;;;;;;;;;;;;;
105604;7;zone end essam;;;;;;;;;;;;;;;
158632;1;‘Ê“«  Ê»—›«‰«  ﬂ«‘Ì— „Õ„Êœ;;;;;;;;;;;;;;;
105606;1;zone end essam;;;;;;;;;;;;;;;
137187;1;‘Ê“«  Ê»—›«‰«  ﬂ«‘Ì— „Õ„Êœ;;;;;;;;;;;;;;;
117040;2;zone end essam;;;;;;;;;;;;;;;
154489;1;‘Ê“«  Ê»—›«‰«  ﬂ«‘Ì— „Õ„Êœ;;;;;;;;;;;;;;;
154484;1;‘Ê“«  Ê»—›«‰«  ﬂ«‘Ì— „Õ„Êœ;;;;;;;;;;;;;;;
105594;4;zone end essam;;;;;;;;;;;;;;;
150657;1;‘Ê“«  Ê»—›«‰«  ﬂ«‘Ì— „Õ„Êœ;;;;;;;;;;;;;;;
105622;8;zone end essam;;;;;;;;;;;;;;;
136852;2;‘Ê“«  Ê»—›«‰«  ﬂ«‘Ì— „Õ„Êœ;;;;;;;;;;;;;;;
98423;1;zone end essam;;;;;;;;;;;;;;;
154345;1;‘Ê“«  Ê»—›«‰«  ﬂ«‘Ì— „Õ„Êœ;;;;;;;;;;;;;;;
74548;3;zone end essam;;;;;;;;;;;;;;;
136712;1;‘Ê“«  Ê»—›«‰«  ﬂ«‘Ì— „Õ„Êœ;;;;;;;;;;;;;;;
109140;1;zone end essam;;;;;;;;;;;;;;;
154533;1;‘Ê“«  Ê»—›«‰«  ﬂ«‘Ì— „Õ„Êœ;;;;;;;;;;;;;;;
115004;1;zone end essam;;;;;;;;;;;;;;;
154522;1;‘Ê“«  Ê»—›«‰«  ﬂ«‘Ì— „Õ„Êœ;;;;;;;;;;;;;;;
114986;1;zone end essam;;;;;;;;;;;;;;;
114988;1;zone end essam;;;;;;;;;;;;;;;
132075;1;zone end essam;;;;;;;;;;;;;;;
115002;1;zone end essam;;;;;;;;;;;;;;;
115661;1;zone end essam;;;;;;;;;;;;;;;
114803;1;zone end essam;;;;;;;;;;;;;;;
114805;1;zone end essam;;;;;;;;;;;;;;;
117593;2;zone end essam;;;;;;;;;;;;;;;
114984;1;zone end essam;;;;;;;;;;;;;;;
154532;2;‘Ê“«  Ê»—›«‰«  ﬂ«‘Ì— „Õ„Êœ;;;;;;;;;;;;;;;
114852;1;zone end essam;;;;;;;;;;;;;;;
115660;1;zone end essam;;;;;;;;;;;;;;;
154523;1;‘Ê“«  Ê»—›«‰«  ﬂ«‘Ì— „Õ„Êœ;;;;;;;;;;;;;;;
154513;1;‘Ê“«  Ê»—›«‰«  ﬂ«‘Ì— „Õ„Êœ;;;;;;;;;;;;;;;
115003;1;zone end essam;;;;;;;;;;;;;;;
137701;18;‘Ê“«  Ê»—›«‰«  ﬂ«‘Ì— „Õ„Êœ;;;;;;;;;;;;;;;
114848;1;zone end essam;;;;;;;;;;;;;;;
153863;1;‘Ê“«  Ê»—›«‰«  ﬂ«‘Ì— „Õ„Êœ;;;;;;;;;;;;;;;
114847;1;zone end essam;;;;;;;;;;;;;;;
153793;2;‘Ê“«  Ê»—›«‰«  ﬂ«‘Ì— „Õ„Êœ;;;;;;;;;;;;;;;
114845;1;zone end essam;;;;;;;;;;;;;;;
137706;2;‘Ê“«  Ê»—›«‰«  ﬂ«‘Ì— „Õ„Êœ;;;;;;;;;;;;;;;
131494;1;zone end essam;;;;;;;;;;;;;;;
137704;4;‘Ê“«  Ê»—›«‰«  ﬂ«‘Ì— „Õ„Êœ;;;;;;;;;;;;;;;
114996;2;zone end essam;;;;;;;;;;;;;;;
153795;4;‘Ê“«  Ê»—›«‰«  ﬂ«‘Ì— „Õ„Êœ;;;;;;;;;;;;;;;
114997;1;zone end essam;;;;;;;;;;;;;;;
137702;5;‘Ê“«  Ê»—›«‰«  ﬂ«‘Ì— „Õ„Êœ;;;;;;;;;;;;;;;
114850;1;zone end essam;;;;;;;;;;;;;;;
153786;5;‘Ê“«  Ê»—›«‰«  ﬂ«‘Ì— „Õ„Êœ;;;;;;;;;;;;;;;
114840;1;zone end essam;;;;;;;;;;;;;;;
153796;6;‘Ê“«  Ê»—›«‰«  ﬂ«‘Ì— „Õ„Êœ;;;;;;;;;;;;;;;
114849;1;zone end essam;;;;;;;;;;;;;;;
137703;18;‘Ê“«  Ê»—›«‰«  ﬂ«‘Ì— „Õ„Êœ;;;;;;;;;;;;;;;
115510;2;zone end essam;;;;;;;;;;;;;;;
114993;1;zone end essam;;;;;;;;;;;;;;;
121244;9;»Ê  „ÿ— „Õ„Êœ;;;;;;;;;;;;;;;
114985;1;zone end essam;;;;;;;;;;;;;;;
121242;4;»Ê  „ÿ— „Õ„Êœ;;;;;;;;;;;;;;;
115006;2;zone end essam;;;;;;;;;;;;;;;
121240;2;»Ê  „ÿ— „Õ„Êœ;;;;;;;;;;;;;;;
115662;1;zone end essam;;;;;;;;;;;;;;;
121238;2;»Ê  „ÿ— „Õ„Êœ;;;;;;;;;;;;;;;
114994;3;zone end essam;;;;;;;;;;;;;;;
121237;2;»Ê  „ÿ— „Õ„Êœ;;;;;;;;;;;;;;;
117596;2;zone end essam;;;;;;;;;;;;;;;
121243;10;»Ê  „ÿ— „Õ„Êœ;;;;;;;;;;;;;;;
117595;2;zone end essam;;;;;;;;;;;;;;;
121225;1;»Ê  „ÿ— „Õ„Êœ;;;;;;;;;;;;;;;
115005;1;zone end essam;;;;;;;;;;;;;;;
121239;1;»Ê  „ÿ— „Õ„Êœ;;;;;;;;;;;;;;;
132052;1;zone end essam;;;;;;;;;;;;;;;
121226;7;»Ê  „ÿ— „Õ„Êœ;;;;;;;;;;;;;;;
132060;1;zone end essam;;;;;;;;;;;;;;;
121241;8;»Ê  „ÿ— „Õ„Êœ;;;;;;;;;;;;;;;
117594;2;zone end essam;;;;;;;;;;;;;;;
55483;1;f2 z10 mahmoud;;;;;;;;;;;;;;;
132058;1;zone end essam;;;;;;;;;;;;;;;
123730;1;f2 z10 mahmoud;;;;;;;;;;;;;;;
115511;2;zone end essam;;;;;;;;;;;;;;;
123709;1;f2 z10 mahmoud;;;;;;;;;;;;;;;
131493;1;zone end essam;;;;;;;;;;;;;;;
113372;1;f2 z10 mahmoud;;;;;;;;;;;;;;;
117597;3;zone end essam;;;;;;;;;;;;;;;
113375;7;f2 z10 mahmoud;;;;;;;;;;;;;;;
115000;1;zone end essam;;;;;;;;;;;;;;;
113373;3;f2 z10 mahmoud;;;;;;;;;;;;;;;
114837;1;zone end essam;;;;;;;;;;;;;;;
1578;1;f2 z10 mahmoud;;;;;;;;;;;;;;;
114820;1;zone end essam;;;;;;;;;;;;;;;
155949;1;f2 z10 mahmoud;;;;;;;;;;;;;;;
114839;1;zone end essam;;;;;;;;;;;;;;;
105388;5;f2 z10 mahmoud;;;;;;;;;;;;;;;
131960;1;zone end essam;;;;;;;;;;;;;;;
1577;2;f2 z10 mahmoud;;;;;;;;;;;;;;;
96430;2;zone end essam;;;;;;;;;;;;;;;
105389;1;f2 z10 mahmoud;;;;;;;;;;;;;;;
115679;1;zone end essam;;;;;;;;;;;;;;;
113370;1;f2 z10 mahmoud;;;;;;;;;;;;;;;
131512;1;zone end essam;;;;;;;;;;;;;;;
155942;1;f2 z10 mahmoud;;;;;;;;;;;;;;;
131490;1;zone end essam;;;;;;;;;;;;;;;
44789;5;f2 z10 mahmoud;;;;;;;;;;;;;;;
114842;1;zone end essam;;;;;;;;;;;;;;;
14441;1;f2 z10 mahmoud;;;;;;;;;;;;;;;
132066;2;zone end essam;;;;;;;;;;;;;;;
117630;1;f2 z10 mahmoud;;;;;;;;;;;;;;;
114818;1;zone end essam;;;;;;;;;;;;;;;
16952;1;f2 z10 mahmoud;;;;;;;;;;;;;;;
114811;1;zone end essam;;;;;;;;;;;;;;;
141864;3;f2 z10 mahmoud;;;;;;;;;;;;;;;
132289;1;zone end essam;;;;;;;;;;;;;;;
16953;6;f2 z10 mahmoud;;;;;;;;;;;;;;;
131511;1;zone end essam;;;;;;;;;;;;;;;
123675;1;f2 z10 mahmoud;;;;;;;;;;;;;;;
131969;2;zone end essam;;;;;;;;;;;;;;;
105471;1;f2 z10 mahmoud;;;;;;;;;;;;;;;
131971;2;zone end essam;;;;;;;;;;;;;;;
123695;2;f2 z10 mahmoud;;;;;;;;;;;;;;;
131973;2;zone end essam;;;;;;;;;;;;;;;
132072;1;zone end essam;;;;;;;;;;;;;;;
105393;10;f2 z10 mahmoud;;;;;;;;;;;;;;;
131962;2;zone end essam;;;;;;;;;;;;;;;
131966;2;zone end essam;;;;;;;;;;;;;;;
113376;7;f2 z10 mahmoud;;;;;;;;;;;;;;;
105394;20;f2 z10 mahmoud;;;;;;;;;;;;;;;
131513;1;zone end essam;;;;;;;;;;;;;;;
117622;1;f2 z10 mahmoud;;;;;;;;;;;;;;;
131961;2;zone end essam;;;;;;;;;;;;;;;
155954;1;f2 z10 mahmoud;;;;;;;;;;;;;;;
114808;1;zone end essam;;;;;;;;;;;;;;;
113374;4;f2 z10 mahmoud;;;;;;;;;;;;;;;
131413;3;zone end essam;;;;;;;;;;;;;;;
131414;1;zone end essam;;;;;;;;;;;;;;;
155953;1;f2 z10 mahmoud;;;;;;;;;;;;;;;
131968;3;zone end essam;;;;;;;;;;;;;;;
132057;3;zone end essam;;;;;;;;;;;;;;;
131959;1;zone end essam;;;;;;;;;;;;;;;
132067;1;zone end essam;;;;;;;;;;;;;;;
131495;2;zone end essam;;;;;;;;;;;;;;;
132069;1;zone end essam;;;;;;;;;;;;;;;
96522;1;zone end essam;;;;;;;;;;;;;;;
96531;1;zone end essam;;;;;;;;;;;;;;;
132065;1;zone end essam;;;;;;;;;;;;;;;
132073;2;zone end essam;;;;;;;;;;;;;;;
114838;1;zone end essam;;;;;;;;;;;;;;;
96532;1;zone end essam;;;;;;;;;;;;;;;
131492;1;zone end essam;;;;;;;;;;;;;;;
114843;1;zone end essam;;;;;;;;;;;;;;;
96534;1;zone end essam;;;;;;;;;;;;;;;
132056;3;zone end essam;;;;;;;;;;;;;;;
132295;2;zone end essam;;;;;;;;;;;;;;;
132053;2;zone end essam;;;;;;;;;;;;;;;
132054;4;zone end essam;;;;;;;;;;;;;;;
132068;3;zone end essam;;;;;;;;;;;;;;;
131956;2;zone end essam;;;;;;;;;;;;;;;
131491;1;zone end essam;;;;;;;;;;;;;;;
131970;3;zone end essam;;;;;;;;;;;;;;;
132074;1;zone end essam;;;;;;;;;;;;;;;
96536;1;zone end essam;;;;;;;;;;;;;;;
131972;2;zone end essam;;;;;;;;;;;;;;;
132229;1;zone end essam;;;;;;;;;;;;;;;
131963;2;zone end essam;;;;;;;;;;;;;;;
131965;2;zone end essam;;;;;;;;;;;;;;;
128669;7;kasher essam;;;;;;;;;;;;;;;
128671;1;kasher essam;;;;;;;;;;;;;;;
103459;1;kasher essam;;;;;;;;;;;;;;;
132193;1;kasher essam;;;;;;;;;;;;;;;
124062;3;zone end essam;;;;;;;;;;;;;;;
124064;6;zone end essam;;;;;;;;;;;;;;;
124063;2;zone end essam;;;;;;;;;;;;;;;
124060;2;zone end essam;;;;;;;;;;;;;;;
113382;2;zone end essam;;;;;;;;;;;;;;;
121929;1;zone end essam;;;;;;;;;;;;;;;
113381;1;zone end essam;;;;;;;;;;;;;;;
141888;1;zone end essam;;;;;;;;;;;;;;;
113380;1;zone end essam;;;;;;;;;;;;;;;
122944;1;zone end essam;;;;;;;;;;;;;;;
124054;2;zone end essam;;;;;;;;;;;;;;;
124053;1;zone end essam;;;;;;;;;;;;;;;
141915;2;zone end essam;;;;;;;;;;;;;;;
116085;1;zone end essam;;;;;;;;;;;;;;;
145494;2;f2 z10 mahmoud;;;;;;;;;;;;;;;
141866;6;f2 z10 mahmoud;;;;;;;;;;;;;;;
155948;2;f2 z10 mahmoud;;;;;;;;;;;;;;;
155955;2;f2 z10 mahmoud;;;;;;;;;;;;;;;
145495;2;f2 z10 mahmoud;;;;;;;;;;;;;;;
117663;2;f2 z10 mahmoud;;;;;;;;;;;;;;;
118454;4;f2 z10 mahmoud;;;;;;;;;;;;;;;
117741;3;f2 z10 mahmoud;;;;;;;;;;;;;;;
95662;3;f2 z10 mahmoud;;;;;;;;;;;;;;;
117624;5;f2 z10 mahmoud;;;;;;;;;;;;;;;
117638;7;f2 z10 mahmoud;;;;;;;;;;;;;;;
14449;11;f2 z10 mahmoud;;;;;;;;;;;;;;;
117631;17;f2 z10 mahmoud;;;;;;;;;;;;;;;
212;1;f2 z10 mahmoud;;;;;;;;;;;;;;;
105391;22;f2 z10 mahmoud;;;;;;;;;;;;;;;
117620;2;f2 z10 mahmoud;;;;;;;;;;;;;;;
118450;4;f2 z10 mahmoud;;;;;;;;;;;;;;;
117634;6;f2 z10 mahmoud;;;;;;;;;;;;;;;
109028;1;f2 z10 mahmoud;;;;;;;;;;;;;;;
123662;1;f2 z10 mahmoud;;;;;;;;;;;;;;;
123641;1;f2 z10 mahmoud;;;;;;;;;;;;;;;
117735;3;f2 z10 mahmoud;;;;;;;;;;;;;;;
123657;1;f2 z10 mahmoud;;;;;;;;;;;;;;;
117625;11;f2 z10 mahmoud;;;;;;;;;;;;;;;
19046;19;f2 z10 mahmoud;;;;;;;;;;;;;;;
117632;11;f2 z10 mahmoud;;;;;;;;;;;;;;;
117618;6;f2 z10 mahmoud;;;;;;;;;;;;;;;
145489;2;f2 z10 mahmoud;;;;;;;;;;;;;;;
123655;3;f2 z10 mahmoud;;;;;;;;;;;;;;;
116083;1;zone end essam;;;;;;;;;;;;;;;
116090;1;zone end essam;;;;;;;;;;;;;;;
116087;1;zone end essam;;;;;;;;;;;;;;;
116030;2;zone end essam;;;;;;;;;;;;;;;
116347;1;zone end essam;;;;;;;;;;;;;;;
116081;2;zone end essam;;;;;;;;;;;;;;;
116080;2;zone end essam;;;;;;;;;;;;;;;
116082;3;zone end essam;;;;;;;;;;;;;;;
116353;1;zone end essam;;;;;;;;;;;;;;;
116993;1;zone end essam;;;;;;;;;;;;;;;
116078;2;zone end essam;;;;;;;;;;;;;;;
116084;3;zone end essam;;;;;;;;;;;;;;;
116039;3;zone end essam;;;;;;;;;;;;;;;
116028;1;zone end essam;;;;;;;;;;;;;;;
116038;4;zone end essam;;;;;;;;;;;;;;;
116040;3;zone end essam;;;;;;;;;;;;;;;
116053;3;zone end essam;;;;;;;;;;;;;;;
116042;4;zone end essam;;;;;;;;;;;;;;;
116041;3;zone end essam;;;;;;;;;;;;;;;
116026;1;zone end essam;;;;;;;;;;;;;;;
116054;1;zone end essam;;;;;;;;;;;;;;;
26229;1;zone end essam;;;;;;;;;;;;;;;
74938;1;zone end essam;;;;;;;;;;;;;;;
71874;1;zone end essam;;;;;;;;;;;;;;;
119458;2;zone end essam;;;;;;;;;;;;;;;
119459;1;zone end essam;;;;;;;;;;;;;;;
71882;1;zone end essam;;;;;;;;;;;;;;;
71881;2;zone end essam;;;;;;;;;;;;;;;
119469;4;zone end essam;;;;;;;;;;;;;;;
150798;1;zone end essam;;;;;;;;;;;;;;;
87522;1;zone end essam;;;;;;;;;;;;;;;
156124;1;zone end essam;;;;;;;;;;;;;;;
119486;6;zone end essam;;;;;;;;;;;;;;;
141907;6;zone end essam;;;;;;;;;;;;;;;
141912;4;zone end essam;;;;;;;;;;;;;;;
316;12;zone end essam;;;;;;;;;;;;;;;
139609;1;zone end essam;;;;;;;;;;;;;;;
98525;3;zone end essam;;;;;;;;;;;;;;;
105574;3;zone end essam;;;;;;;;;;;;;;;
106704;1;zone end essam;;;;;;;;;;;;;;;
119466;1;zone end essam;;;;;;;;;;;;;;;
147372;1;zone end essam;;;;;;;;;;;;;;;
139566;1;zone end essam;;;;;;;;;;;;;;;
71871;2;zone end essam;;;;;;;;;;;;;;;
122936;1;zone end essam;;;;;;;;;;;;;;;
140119;2;zone end essam;;;;;;;;;;;;;;;
79468;1;zone end essam;;;;;;;;;;;;;;;
149995;1;zone end essam;;;;;;;;;;;;;;;
139571;1;zone end essam;;;;;;;;;;;;;;;
139653;2;zone end essam;;;;;;;;;;;;;;;
139581;1;zone end essam;;;;;;;;;;;;;;;
26216;1;zone end essam;;;;;;;;;;;;;;;
8688;1;zone end essam;;;;;;;;;;;;;;;
150794;1;zone end essam;;;;;;;;;;;;;;;
149224;1;zone end essam;;;;;;;;;;;;;;;
141920;1;zone end essam;;;;;;;;;;;;;;;
119449;3;zone end essam;;;;;;;;;;;;;;;
146298;1;zone end essam;;;;;;;;;;;;;;;
71721;4;zone end essam;;;;;;;;;;;;;;;
152916;2;zone end essam;;;;;;;;;;;;;;;
91962;1;zone end essam;;;;;;;;;;;;;;;
119462;1;zone end essam;;;;;;;;;;;;;;;
119457;1;zone end essam;;;;;;;;;;;;;;;
149416;1;zone end essam;;;;;;;;;;;;;;;
149303;3;zone end essam;;;;;;;;;;;;;;;
149541;1;zone end essam;;;;;;;;;;;;;;;
103893;1;zone end essam;;;;;;;;;;;;;;;
135782;1;zone end essam;;;;;;;;;;;;;;;
14614;2;zone end essam;;;;;;;;;;;;;;;
122929;2;zone end essam;;;;;;;;;;;;;;;
141889;4;zone end essam;;;;;;;;;;;;;;;
71717;1;zone end essam;;;;;;;;;;;;;;;
153197;1;zone end essam;;;;;;;;;;;;;;;
8985;1;zone end essam;;;;;;;;;;;;;;;
26228;2;zone end essam;;;;;;;;;;;;;;;
152683;1;zone end essam;;;;;;;;;;;;;;;
153198;3;zone end essam;;;;;;;;;;;;;;;
141891;4;zone end essam;;;;;;;;;;;;;;;
157943;1;zone end essam;;;;;;;;;;;;;;;
19046;5;zone end essam;;;;;;;;;;;;;;;
141919;1;zone end essam;;;;;;;;;;;;;;;
141893;4;zone end essam;;;;;;;;;;;;;;;
141911;4;zone end essam;;;;;;;;;;;;;;;
123815;1;zone end essam;;;;;;;;;;;;;;;
123600;1;zone end essam;;;;;;;;;;;;;;;
141902;1;zone end essam;;;;;;;;;;;;;;;
141895;2;zone end essam;;;;;;;;;;;;;;;
146891;2;zone end essam;;;;;;;;;;;;;;;
135709;1;zone end essam;;;;;;;;;;;;;;;
132871;1;zone end essam;;;;;;;;;;;;;;;
121925;6;zone end essam;;;;;;;;;;;;;;;
43859;1;zone end essam;;;;;;;;;;;;;;;
75434;1;zone end essam;;;;;;;;;;;;;;;
61970;5;zone end essam;;;;;;;;;;;;;;;
363;1;zone end essam;;;;;;;;;;;;;;;
119467;1;zone end essam;;;;;;;;;;;;;;;
148877;1;zone end essam;;;;;;;;;;;;;;;
157970;1;zone end essam;;;;;;;;;;;;;;;
11791;1;zone end essam;;;;;;;;;;;;;;;
149093;1;zone end essam;;;;;;;;;;;;;;;
75435;1;zone end essam;;;;;;;;;;;;;;;
149059;1;zone end essam;;;;;;;;;;;;;;;
149089;1;zone end essam;;;;;;;;;;;;;;;
1547;1;zone end essam;;;;;;;;;;;;;;;
113016;1;zone end essam;;;;;;;;;;;;;;;
149153;1;zone end essam;;;;;;;;;;;;;;;
141918;1;zone end essam;;;;;;;;;;;;;;;
146896;1;zone end essam;;;;;;;;;;;;;;;
91963;2;zone end essam;;;;;;;;;;;;;;;
105392;2;zone end essam;;;;;;;;;;;;;;;
15969;2;zone end essam;;;;;;;;;;;;;;;
124056;2;zone end essam;;;;;;;;;;;;;;;
13350;1;zone end essam;;;;;;;;;;;;;;;
130;4;zone end essam;;;;;;;;;;;;;;;
141943;3;zone end essam;;;;;;;;;;;;;;;
77109;2;zone end essam;;;;;;;;;;;;;;;
139663;1;zone end essam;;;;;;;;;;;;;;;
150901;1;zone end essam;;;;;;;;;;;;;;;
122297;1;zone end essam;;;;;;;;;;;;;;;
149152;1;zone end essam;;;;;;;;;;;;;;;
73599;1;zone end essam;;;;;;;;;;;;;;;
8191;1;zone end essam;;;;;;;;;;;;;;;
98522;2;zone end essam;;;;;;;;;;;;;;;
139608;2;zone end essam;;;;;;;;;;;;;;;
100967;2;zone end essam;;;;;;;;;;;;;;;
104551;1;zone end essam;;;;;;;;;;;;;;;
119985;1;zone end essam;;;;;;;;;;;;;;;
2850;1;zone end essam;;;;;;;;;;;;;;;
141908;6;zone end essam;;;;;;;;;;;;;;;
17284;1;zone end essam;;;;;;;;;;;;;;;
71875;9;zone end essam;;;;;;;;;;;;;;;
141914;1;zone end essam;;;;;;;;;;;;;;;
141880;5;zone end essam;;;;;;;;;;;;;;;
141924;2;zone end essam;;;;;;;;;;;;;;;
100968;3;zone end essam;;;;;;;;;;;;;;;
123584;2;zone end essam;;;;;;;;;;;;;;;
141890;4;zone end essam;;;;;;;;;;;;;;;
14588;1;zone end essam;;;;;;;;;;;;;;;
119472;5;zone end essam;;;;;;;;;;;;;;;
119471;6;zone end essam;;;;;;;;;;;;;;;
119476;4;zone end essam;;;;;;;;;;;;;;;
100965;2;zone end essam;;;;;;;;;;;;;;;
283;1;zone end essam;;;;;;;;;;;;;;;
124202;1;zone end essam;;;;;;;;;;;;;;;
358;2;zone end essam;;;;;;;;;;;;;;;
123585;2;zone end essam;;;;;;;;;;;;;;;
100966;6;zone end essam;;;;;;;;;;;;;;;
141916;11;zone end essam;;;;;;;;;;;;;;;
13306;9;zone end essam;;;;;;;;;;;;;;;
145483;4;zone end essam;;;;;;;;;;;;;;;
100969;2;zone end essam;;;;;;;;;;;;;;;
130425;2;zone end essam;;;;;;;;;;;;;;;
130424;2;zone end essam;;;;;;;;;;;;;;;
130423;3;zone end essam;;;;;;;;;;;;;;;
123583;1;zone end essam;;;;;;;;;;;;;;;
14615;1;zone end essam;;;;;;;;;;;;;;;
141881;5;zone end essam;;;;;;;;;;;;;;;
122923;3;zone end essam;;;;;;;;;;;;;;;
13722;12;zone end essam;;;;;;;;;;;;;;;
71876;5;zone end essam;;;;;;;;;;;;;;;
311;11;zone end essam;;;;;;;;;;;;;;;
104548;10;f2 z9 ahmed;;;;;;;;;;;;;;;
141910;7;f2 z9 ahmed;;;;;;;;;;;;;;;
141875;7;f2 z9 ahmed;;;;;;;;;;;;;;;
141903;4;f2 z9 ahmed;;;;;;;;;;;;;;;
141882;2;f2 z9 ahmed;;;;;;;;;;;;;;;
238;10;f2 z9 ahmed;;;;;;;;;;;;;;;
104543;1;f2 z9 ahmed;;;;;;;;;;;;;;;
247;1;f2 z9 ahmed;;;;;;;;;;;;;;;
119489;8;f2 z9 ahmed;;;;;;;;;;;;;;;
119490;3;f2 z9 ahmed;;;;;;;;;;;;;;;
239;5;f2 z9 ahmed;;;;;;;;;;;;;;;
119492;1;f2 z9 ahmed;;;;;;;;;;;;;;;
240;7;f2 z9 ahmed;;;;;;;;;;;;;;;
61136;6;f2 z9 ahmed;;;;;;;;;;;;;;;
119485;1;f2 z9 ahmed;;;;;;;;;;;;;;;
119493;1;f2 z9 ahmed;;;;;;;;;;;;;;;
241;6;f2 z9 ahmed;;;;;;;;;;;;;;;
106381;3;f2 z9 ahmed;;;;;;;;;;;;;;;
61135;1;f2 z9 ahmed;;;;;;;;;;;;;;;
104549;4;f2 z9 ahmed;;;;;;;;;;;;;;;
225;3;f2 z9 ahmed;;;;;;;;;;;;;;;
104544;2;f2 z9 ahmed;;;;;;;;;;;;;;;
123377;1;f2 z9 ahmed;;;;;;;;;;;;;;;
61151;3;f2 z9 ahmed;;;;;;;;;;;;;;;
123391;2;f2 z9 ahmed;;;;;;;;;;;;;;;
61137;2;f2 z9 ahmed;;;;;;;;;;;;;;;
141900;2;f2 z9 ahmed;;;;;;;;;;;;;;;
123384;2;f2 z9 ahmed;;;;;;;;;;;;;;;
104552;6;f2 z9 ahmed;;;;;;;;;;;;;;;
141886;1;f2 z9 ahmed;;;;;;;;;;;;;;;
141879;1;f2 z9 ahmed;;;;;;;;;;;;;;;
123491;1;f2 z9 ahmed;;;;;;;;;;;;;;;
141901;1;f2 z9 ahmed;;;;;;;;;;;;;;;
123392;1;f2 z9 ahmed;;;;;;;;;;;;;;;
141887;1;f2 z9 ahmed;;;;;;;;;;;;;;;
250;6;f2 z9 ahmed;;;;;;;;;;;;;;;
104546;1;f2 z9 ahmed;;;;;;;;;;;;;;;
141894;1;f2 z9 ahmed;;;;;;;;;;;;;;;
226;9;f2 z9 ahmed;;;;;;;;;;;;;;;
104545;9;f2 z9 ahmed;;;;;;;;;;;;;;;
2762;9;f2 z9 ahmed;;;;;;;;;;;;;;;
123337;1;f2 z9 ahmed;;;;;;;;;;;;;;;
119486;4;f2 z9 ahmed;;;;;;;;;;;;;;;
243;3;f2 z9 ahmed;;;;;;;;;;;;;;;
252;1;f2 z9 ahmed;;;;;;;;;;;;;;;
119491;10;f2 z9 ahmed;;;;;;;;;;;;;;;
119495;6;f2 z9 ahmed;;;;;;;;;;;;;;;
119494;9;f2 z9 ahmed;;;;;;;;;;;;;;;
123411;5;f2 z9 ahmed;;;;;;;;;;;;;;;
141908;2;f2 z9 ahmed;;;;;;;;;;;;;;;
123385;2;f2 z9 ahmed;;;;;;;;;;;;;;;
104553;14;f2 z9 ahmed;;;;;;;;;;;;;;;
14462;1;f2 z9 ahmed;;;;;;;;;;;;;;;
123371;2;f2 z9 ahmed;;;;;;;;;;;;;;;
141915;1;f2 z9 ahmed;;;;;;;;;;;;;;;
14721;4;f2 z9 ahmed;;;;;;;;;;;;;;;
123378;2;f2 z9 ahmed;;;;;;;;;;;;;;;
14454;2;f2 z9 ahmed;;;;;;;;;;;;;;;
141895;2;f2 z9 ahmed;;;;;;;;;;;;;;;
141888;1;f2 z9 ahmed;;;;;;;;;;;;;;;
123393;2;f2 z9 ahmed;;;;;;;;;;;;;;;
141909;1;f2 z9 ahmed;;;;;;;;;;;;;;;
14722;6;f2 z9 ahmed;;;;;;;;;;;;;;;
244;1;f2 z9 ahmed;;;;;;;;;;;;;;;
235;1;f2 z9 ahmed;;;;;;;;;;;;;;;
227;5;f2 z9 ahmed;;;;;;;;;;;;;;;
109790;1;f2 z9 ahmed;;;;;;;;;;;;;;;
2763;2;f2 z9 ahmed;;;;;;;;;;;;;;;
104554;8;f2 z9 ahmed;;;;;;;;;;;;;;;
109789;3;f2 z9 ahmed;;;;;;;;;;;;;;;
251;6;f2 z9 ahmed;;;;;;;;;;;;;;;
141902;2;f2 z9 ahmed;;;;;;;;;;;;;;;
242;1;f2 z9 ahmed;;;;;;;;;;;;;;;
123410;1;f2 z9 ahmed;;;;;;;;;;;;;;;
2764;4;f2 z9 ahmed;;;;;;;;;;;;;;;
236;1;f2 z9 ahmed;;;;;;;;;;;;;;;
104547;13;f2 z9 ahmed;;;;;;;;;;;;;;;
228;7;f2 z9 ahmed;;;;;;;;;;;;;;;
61138;3;f2 z9 ahmed;;;;;;;;;;;;;;;
147379;1;f2 z9 ahmed;;;;;;;;;;;;;;;
147383;1;f2 z9 ahmed;;;;;;;;;;;;;;;
147382;4;f2 z9 ahmed;;;;;;;;;;;;;;;
130347;3;f2 z9 ahmed;;;;;;;;;;;;;;;
122528;1;f2 z9 ahmed;;;;;;;;;;;;;;;
123320;1;f2 z9 ahmed;;;;;;;;;;;;;;;
145484;6;f2 z9 ahmed;;;;;;;;;;;;;;;
130338;11;f2 z9 ahmed;;;;;;;;;;;;;;;
122527;1;f2 z9 ahmed;;;;;;;;;;;;;;;
123321;5;f2 z9 ahmed;;;;;;;;;;;;;;;
145481;5;f2 z9 ahmed;;;;;;;;;;;;;;;
145482;4;f2 z9 ahmed;;;;;;;;;;;;;;;
130339;3;f2 z9 ahmed;;;;;;;;;;;;;;;
147377;3;f2 z9 ahmed;;;;;;;;;;;;;;;
130336;3;f2 z9 ahmed;;;;;;;;;;;;;;;
145480;3;f2 z9 ahmed;;;;;;;;;;;;;;;
130341;5;f2 z9 ahmed;;;;;;;;;;;;;;;
130342;2;f2 z9 ahmed;;;;;;;;;;;;;;;
145483;7;f2 z9 ahmed;;;;;;;;;;;;;;;
145486;3;f2 z9 ahmed;;;;;;;;;;;;;;;
130349;2;f2 z9 ahmed;;;;;;;;;;;;;;;
145485;10;f2 z9 ahmed;;;;;;;;;;;;;;;
130348;3;f2 z9 ahmed;;;;;;;;;;;;;;;
108759;1;f2 z9 ahmed;;;;;;;;;;;;;;;
119560;1;f2 z9 ahmed;;;;;;;;;;;;;;;
103938;2;f2 z9 ahmed;;;;;;;;;;;;;;;
103927;1;f2 z9 ahmed;;;;;;;;;;;;;;;
103925;1;f2 z9 ahmed;;;;;;;;;;;;;;;
108752;1;f2 z9 ahmed;;;;;;;;;;;;;;;
108745;2;f2 z9 ahmed;;;;;;;;;;;;;;;
119561;5;f2 z9 ahmed;;;;;;;;;;;;;;;
108750;6;f2 z9 ahmed;;;;;;;;;;;;;;;
119563;4;f2 z9 ahmed;;;;;;;;;;;;;;;
103920;1;f2 z9 ahmed;;;;;;;;;;;;;;;
103917;1;f2 z9 ahmed;;;;;;;;;;;;;;;
108735;1;f2 z9 ahmed;;;;;;;;;;;;;;;
103919;7;f2 z9 ahmed;;;;;;;;;;;;;;;
122636;3;f2 z9 ahmed;;;;;;;;;;;;;;;
108809;2;f2 z9 ahmed;;;;;;;;;;;;;;;
123952;1;f2 z9 ahmed;;;;;;;;;;;;;;;
108749;5;f2 z9 ahmed;;;;;;;;;;;;;;;
108756;1;f2 z9 ahmed;;;;;;;;;;;;;;;
103940;1;f2 z9 ahmed;;;;;;;;;;;;;;;
119562;3;f2 z9 ahmed;;;;;;;;;;;;;;;
105689;1;f2 z9 ahmed;;;;;;;;;;;;;;;
103918;2;f2 z9 ahmed;;;;;;;;;;;;;;;
103948;2;f2 z9 ahmed;;;;;;;;;;;;;;;
103945;1;f2 z9 ahmed;;;;;;;;;;;;;;;
103946;4;f2 z9 ahmed;;;;;;;;;;;;;;;
108758;4;f2 z9 ahmed;;;;;;;;;;;;;;;
108751;4;f2 z9 ahmed;;;;;;;;;;;;;;;
108743;5;f2 z9 ahmed;;;;;;;;;;;;;;;
108806;2;f2 z9 ahmed;;;;;;;;;;;;;;;
108742;3;f2 z9 ahmed;;;;;;;;;;;;;;;
119559;6;f2 z9 ahmed;;;;;;;;;;;;;;;
108757;8;f2 z9 ahmed;;;;;;;;;;;;;;;
134983;6;stock 1;;;;;;;;;;;;;;;
123021;12;stock 1;;;;;;;;;;;;;;;
138132;2;stock 1;;;;;;;;;;;;;;;
138161;2;stock 1;;;;;;;;;;;;;;;
138160;3;stock 1;;;;;;;;;;;;;;;
138137;1;stock 1;;;;;;;;;;;;;;;
138201;1;stock 1;;;;;;;;;;;;;;;
145419;1;stock 1;;;;;;;;;;;;;;;
140302;2;stock 1;;;;;;;;;;;;;;;
138144;3;stock 1;;;;;;;;;;;;;;;
142688;1;stock 1;;;;;;;;;;;;;;;
143375;1;stock 1;;;;;;;;;;;;;;;
138143;4;stock 1;;;;;;;;;;;;;;;
143377;1;stock 1;;;;;;;;;;;;;;;
145417;1;stock 1;;;;;;;;;;;;;;;
140299;1;stock 1;;;;;;;;;;;;;;;
147203;1;stock 1;;;;;;;;;;;;;;;
145418;1;stock 1;;;;;;;;;;;;;;;
136684;1;stock 1;;;;;;;;;;;;;;;
123084;1;stock 1;;;;;;;;;;;;;;;
136682;3;stock 1;;;;;;;;;;;;;;;
145432;1;stock 1;;;;;;;;;;;;;;;
138170;3;stock 1;;;;;;;;;;;;;;;
140297;3;stock 1;;;;;;;;;;;;;;;
123052;2;stock 1;;;;;;;;;;;;;;;
123028;1;stock 1;;;;;;;;;;;;;;;
136927;3;stock 1;;;;;;;;;;;;;;;
142156;5;stock 1;;;;;;;;;;;;;;;
136689;2;stock 1;;;;;;;;;;;;;;;
140316;2;stock 1;;;;;;;;;;;;;;;
138163;3;stock 1;;;;;;;;;;;;;;;
138176;3;stock 1;;;;;;;;;;;;;;;
138205;6;stock 1;;;;;;;;;;;;;;;
138145;3;stock 1;;;;;;;;;;;;;;;
145487;1;stock 1;;;;;;;;;;;;;;;
136924;1;stock 1;;;;;;;;;;;;;;;
123012;1;stock 1;;;;;;;;;;;;;;;
123004;1;stock 1;;;;;;;;;;;;;;;
138154;1;stock 1;;;;;;;;;;;;;;;
123010;2;stock 1;;;;;;;;;;;;;;;
134984;1;stock 1;;;;;;;;;;;;;;;
138196;1;stock 1;;;;;;;;;;;;;;;
123018;2;stock 1;;;;;;;;;;;;;;;
134987;8;stock 1;;;;;;;;;;;;;;;
123024;2;stock 1;;;;;;;;;;;;;;;
134988;8;stock 1;;;;;;;;;;;;;;;
123019;3;stock 1;;;;;;;;;;;;;;;
134991;1;stock 1;;;;;;;;;;;;;;;
145425;1;stock 1;;;;;;;;;;;;;;;
124194;5;stock 1;;;;;;;;;;;;;;;
123046;7;stock 1;;;;;;;;;;;;;;;
145421;5;stock 1;;;;;;;;;;;;;;;
138169;4;stock 1;;;;;;;;;;;;;;;
138171;3;stock 1;;;;;;;;;;;;;;;
123082;4;stock 1;;;;;;;;;;;;;;;
138134;8;stock 1;;;;;;;;;;;;;;;
140295;1;stock 1;;;;;;;;;;;;;;;
138133;4;stock 1;;;;;;;;;;;;;;;
138157;4;stock 1;;;;;;;;;;;;;;;
145428;4;stock 1;;;;;;;;;;;;;;;
145420;4;stock 1;;;;;;;;;;;;;;;
124195;11;stock 1;;;;;;;;;;;;;;;
142157;5;stock 1;;;;;;;;;;;;;;;
143368;2;stock 1;;;;;;;;;;;;;;;
138142;1;stock 1;;;;;;;;;;;;;;;
123007;5;stock 1;;;;;;;;;;;;;;;
140311;1;stock 1;;;;;;;;;;;;;;;
143376;1;stock 1;;;;;;;;;;;;;;;
138147;2;stock 1;;;;;;;;;;;;;;;
138152;4;stock 1;;;;;;;;;;;;;;;
143374;3;stock 1;;;;;;;;;;;;;;;
145488;4;stock 1;;;;;;;;;;;;;;;
140317;4;stock 1;;;;;;;;;;;;;;;
134989;5;stock 1;;;;;;;;;;;;;;;
140300;3;stock 1;;;;;;;;;;;;;;;
123083;3;stock 1;;;;;;;;;;;;;;;
138153;3;stock 1;;;;;;;;;;;;;;;
140318;2;stock 1;;;;;;;;;;;;;;;
123081;2;stock 1;;;;;;;;;;;;;;;
123080;2;stock 1;;;;;;;;;;;;;;;
123027;10;stock 1;;;;;;;;;;;;;;;
145431;4;stock 1;;;;;;;;;;;;;;;
138162;3;stock 1;;;;;;;;;;;;;;;
123039;12;stock 1;;;;;;;;;;;;;;;
123016;5;stock 1;;;;;;;;;;;;;;;
143373;2;stock 1;;;;;;;;;;;;;;;
123023;4;stock 1;;;;;;;;;;;;;;;
123020;6;stock 1;;;;;;;;;;;;;;;
123040;4;stock 1;;;;;;;;;;;;;;;
143370;4;stock 1;;;;;;;;;;;;;;;
123003;1;stock 1;;;;;;;;;;;;;;;
123034;7;stock 1;;;;;;;;;;;;;;;
123045;12;stock 1;;;;;;;;;;;;;;;
143369;1;stock 1;;;;;;;;;;;;;;;
123022;14;stock 1;;;;;;;;;;;;;;;
123044;12;stock 1;;;;;;;;;;;;;;;
123043;12;stock 1;;;;;;;;;;;;;;;
123017;11;stock 1;;;;;;;;;;;;;;;
138146;4;stock 1;;;;;;;;;;;;;;;
123041;12;stock 1;;;;;;;;;;;;;;;
125448;1;f2 z12 mahmoud;;;;;;;;;;;;;;;
125032;1;f2 z12 mahmoud;;;;;;;;;;;;;;;
109864;1;f2 z12 mahmoud;;;;;;;;;;;;;;;
110118;1;f2 z12 mahmoud;;;;;;;;;;;;;;;
138737;1;f2 z12 mahmoud;;;;;;;;;;;;;;;
138320;1;f2 z12 mahmoud;;;;;;;;;;;;;;;
125151;1;f2 z12 mahmoud;;;;;;;;;;;;;;;
138497;1;f2 z12 mahmoud;;;;;;;;;;;;;;;
138319;1;f2 z12 mahmoud;;;;;;;;;;;;;;;
125181;1;f2 z12 mahmoud;;;;;;;;;;;;;;;
139107;1;f2 z12 mahmoud;;;;;;;;;;;;;;;
124945;1;f2 z12 mahmoud;;;;;;;;;;;;;;;
138646;2;f2 z12 mahmoud;;;;;;;;;;;;;;;
138471;1;f2 z12 mahmoud;;;;;;;;;;;;;;;
125061;1;f2 z12 mahmoud;;;;;;;;;;;;;;;
138734;1;f2 z12 mahmoud;;;;;;;;;;;;;;;
125331;1;f2 z12 mahmoud;;;;;;;;;;;;;;;
124803;2;f2 z12 mahmoud;;;;;;;;;;;;;;;
110064;1;f2 z12 mahmoud;;;;;;;;;;;;;;;
138535;1;f2 z12 mahmoud;;;;;;;;;;;;;;;
138617;1;f2 z12 mahmoud;;;;;;;;;;;;;;;
138532;1;f2 z12 mahmoud;;;;;;;;;;;;;;;
138704;1;f2 z12 mahmoud;;;;;;;;;;;;;;;
125394;2;f2 z12 mahmoud;;;;;;;;;;;;;;;
124712;1;f2 z12 mahmoud;;;;;;;;;;;;;;;
125029;2;f2 z12 mahmoud;;;;;;;;;;;;;;;
125030;1;f2 z12 mahmoud;;;;;;;;;;;;;;;
118146;1;f2 z12 mahmoud;;;;;;;;;;;;;;;
138983;1;f2 z12 mahmoud;;;;;;;;;;;;;;;
138980;2;f2 z12 mahmoud;;;;;;;;;;;;;;;
109978;2;f2 z12 mahmoud;;;;;;;;;;;;;;;
109921;1;f2 z12 mahmoud;;;;;;;;;;;;;;;
138767;1;f2 z12 mahmoud;;;;;;;;;;;;;;;
125237;1;f2 z12 mahmoud;;;;;;;;;;;;;;;
124800;1;f2 z12 mahmoud;;;;;;;;;;;;;;;
124771;1;f2 z12 mahmoud;;;;;;;;;;;;;;;
124768;2;f2 z12 mahmoud;;;;;;;;;;;;;;;
110465;1;f2 z12 mahmoud;;;;;;;;;;;;;;;
138854;2;f2 z12 mahmoud;;;;;;;;;;;;;;;
138531;1;f2 z12 mahmoud;;;;;;;;;;;;;;;
138346;1;f2 z12 mahmoud;;;;;;;;;;;;;;;
125390;1;f2 z12 mahmoud;;;;;;;;;;;;;;;
125363;1;f2 z12 mahmoud;;;;;;;;;;;;;;;
139110;1;f2 z12 mahmoud;;;;;;;;;;;;;;;
124773;1;f2 z12 mahmoud;;;;;;;;;;;;;;;
124772;3;f2 z12 mahmoud;;;;;;;;;;;;;;;
138736;1;f2 z12 mahmoud;;;;;;;;;;;;;;;
138232;2;f2 z12 mahmoud;;;;;;;;;;;;;;;
139015;1;f2 z12 mahmoud;;;;;;;;;;;;;;;
125062;1;f2 z12 mahmoud;;;;;;;;;;;;;;;
110462;1;f2 z12 mahmoud;;;;;;;;;;;;;;;
110036;1;f2 z12 mahmoud;;;;;;;;;;;;;;;
125327;1;f2 z12 mahmoud;;;;;;;;;;;;;;;
124769;3;f2 z12 mahmoud;;;;;;;;;;;;;;;
138262;1;f2 z12 mahmoud;;;;;;;;;;;;;;;
138318;2;f2 z12 mahmoud;;;;;;;;;;;;;;;
74560;2;f2 z12 mahmoud;;;;;;;;;;;;;;;
74000;2;f2 z12 mahmoud;;;;;;;;;;;;;;;
74549;3;f2 z12 mahmoud;;;;;;;;;;;;;;;
74547;2;f2 z12 mahmoud;;;;;;;;;;;;;;;
74559;8;f2 z12 mahmoud;;;;;;;;;;;;;;;
74001;1;f2 z12 mahmoud;;;;;;;;;;;;;;;
73999;4;f2 z12 mahmoud;;;;;;;;;;;;;;;
74550;4;f2 z12 mahmoud;;;;;;;;;;;;;;;
74554;1;f2 z12 mahmoud;;;;;;;;;;;;;;;
74557;1;f2 z12 mahmoud;;;;;;;;;;;;;;;
74002;9;f2 z12 mahmoud;;;;;;;;;;;;;;;
74555;5;f2 z12 mahmoud;;;;;;;;;;;;;;;
74548;7;f2 z12 mahmoud;;;;;;;;;;;;;;;
74565;9;f2 z12 mahmoud;;;;;;;;;;;;;;;
74561;4;f2 z12 mahmoud;;;;;;;;;;;;;;;
74564;5;f2 z12 mahmoud;;;;;;;;;;;;;;;
74563;11;f2 z12 mahmoud;;;;;;;;;;;;;;;
74562;6;f2 z12 mahmoud;;;;;;;;;;;;;;;
74558;6;f2 z12 mahmoud;;;;;;;;;;;;;;;
113633;2;f2 z12 mahmoud;;;;;;;;;;;;;;;
113635;6;f2 z12 mahmoud;;;;;;;;;;;;;;;
105624;3;f2 z12 mahmoud;;;;;;;;;;;;;;;
117048;8;f2 z12 mahmoud;;;;;;;;;;;;;;;
117045;1;f2 z12 mahmoud;;;;;;;;;;;;;;;
117041;2;f2 z12 mahmoud;;;;;;;;;;;;;;;
112790;1;f2 z12 mahmoud;;;;;;;;;;;;;;;
112795;7;f2 z12 mahmoud;;;;;;;;;;;;;;;
112796;4;f2 z12 mahmoud;;;;;;;;;;;;;;;
113632;2;f2 z12 mahmoud;;;;;;;;;;;;;;;
113619;4;f2 z12 mahmoud;;;;;;;;;;;;;;;
113620;3;f2 z12 mahmoud;;;;;;;;;;;;;;;
105614;4;f2 z12 mahmoud;;;;;;;;;;;;;;;
113621;5;f2 z12 mahmoud;;;;;;;;;;;;;;;
113622;4;f2 z12 mahmoud;;;;;;;;;;;;;;;
113638;12;f2 z12 mahmoud;;;;;;;;;;;;;;;
105621;7;f2 z12 mahmoud;;;;;;;;;;;;;;;
105620;6;f2 z12 mahmoud;;;;;;;;;;;;;;;
105594;2;f2 z12 mahmoud;;;;;;;;;;;;;;;
117057;4;f2 z12 mahmoud;;;;;;;;;;;;;;;
105625;12;f2 z12 mahmoud;;;;;;;;;;;;;;;
113629;2;f2 z12 mahmoud;;;;;;;;;;;;;;;
113631;7;f2 z12 mahmoud;;;;;;;;;;;;;;;
105622;7;f2 z12 mahmoud;;;;;;;;;;;;;;;
113627;4;f2 z12 mahmoud;;;;;;;;;;;;;;;
105623;8;f2 z12 mahmoud;;;;;;;;;;;;;;;
117052;2;f2 z12 mahmoud;;;;;;;;;;;;;;;
113634;3;f2 z12 mahmoud;;;;;;;;;;;;;;;
117043;6;f2 z12 mahmoud;;;;;;;;;;;;;;;
113639;13;f2 z12 mahmoud;;;;;;;;;;;;;;;
112789;11;f2 z12 mahmoud;;;;;;;;;;;;;;;
105607;6;f2 z12 mahmoud;;;;;;;;;;;;;;;
105608;9;f2 z12 mahmoud;;;;;;;;;;;;;;;
117047;12;f2 z12 mahmoud;;;;;;;;;;;;;;;
105609;12;f2 z12 mahmoud;;;;;;;;;;;;;;;
105606;6;f2 z12 mahmoud;;;;;;;;;;;;;;;
113625;10;f2 z12 mahmoud;;;;;;;;;;;;;;;
113626;2;f2 z12 mahmoud;;;;;;;;;;;;;;;
113624;6;f2 z12 mahmoud;;;;;;;;;;;;;;;
105596;6;f2 z12 mahmoud;;;;;;;;;;;;;;;
105595;4;f2 z12 mahmoud;;;;;;;;;;;;;;;
105597;10;f2 z12 mahmoud;;;;;;;;;;;;;;;
105605;10;f2 z12 mahmoud;;;;;;;;;;;;;;;
105604;10;f2 z12 mahmoud;;;;;;;;;;;;;;;
112793;6;f2 z12 mahmoud;;;;;;;;;;;;;;;
113637;9;f2 z12 mahmoud;;;;;;;;;;;;;;;
113636;9;f2 z12 mahmoud;;;;;;;;;;;;;;;
112800;7;f2 z12 mahmoud;;;;;;;;;;;;;;;
112797;1;f2 z12 mahmoud;;;;;;;;;;;;;;;
112798;21;f2 z12 mahmoud;;;;;;;;;;;;;;;
112794;10;f2 z12 mahmoud;;;;;;;;;;;;;;;
117058;6;f2 z12 mahmoud;;;;;;;;;;;;;;;
117056;9;f2 z12 mahmoud;;;;;;;;;;;;;;;
117055;9;f2 z12 mahmoud;;;;;;;;;;;;;;;
113628;4;f2 z12 mahmoud;;;;;;;;;;;;;;;
112785;6;f2 z12 mahmoud;;;;;;;;;;;;;;;
125062;1;f 2 z13 mahmoud;;;;;;;;;;;;;;;
138536;3;f 2 z13 mahmoud;;;;;;;;;;;;;;;
138794;1;f 2 z13 mahmoud;;;;;;;;;;;;;;;
138501;1;f 2 z13 mahmoud;;;;;;;;;;;;;;;
125508;2;f 2 z13 mahmoud;;;;;;;;;;;;;;;
110066;1;f 2 z13 mahmoud;;;;;;;;;;;;;;;
138644;1;f 2 z13 mahmoud;;;;;;;;;;;;;;;
110064;1;f 2 z13 mahmoud;;;;;;;;;;;;;;;
138828;1;f 2 z13 mahmoud;;;;;;;;;;;;;;;
125538;1;f 2 z13 mahmoud;;;;;;;;;;;;;;;
125539;1;f 2 z13 mahmoud;;;;;;;;;;;;;;;
110462;1;f 2 z13 mahmoud;;;;;;;;;;;;;;;
124972;1;f 2 z13 mahmoud;;;;;;;;;;;;;;;
125363;2;f 2 z13 mahmoud;;;;;;;;;;;;;;;
138316;2;f 2 z13 mahmoud;;;;;;;;;;;;;;;
138646;1;f 2 z13 mahmoud;;;;;;;;;;;;;;;
125391;3;f 2 z13 mahmoud;;;;;;;;;;;;;;;
139013;3;f 2 z13 mahmoud;;;;;;;;;;;;;;;
125091;1;f 2 z13 mahmoud;;;;;;;;;;;;;;;
118645;1;f 2 z13 mahmoud;;;;;;;;;;;;;;;
124942;1;f 2 z13 mahmoud;;;;;;;;;;;;;;;
125299;2;f 2 z13 mahmoud;;;;;;;;;;;;;;;
118582;1;f 2 z13 mahmoud;;;;;;;;;;;;;;;
125059;2;f 2 z13 mahmoud;;;;;;;;;;;;;;;
125236;3;f 2 z13 mahmoud;;;;;;;;;;;;;;;
124943;1;f 2 z13 mahmoud;;;;;;;;;;;;;;;
125031;1;f 2 z13 mahmoud;;;;;;;;;;;;;;;
125268;1;f 2 z13 mahmoud;;;;;;;;;;;;;;;
138262;1;f 2 z13 mahmoud;;;;;;;;;;;;;;;
125362;3;f 2 z13 mahmoud;;;;;;;;;;;;;;;
138534;1;f 2 z13 mahmoud;;;;;;;;;;;;;;;
138320;1;f 2 z13 mahmoud;;;;;;;;;;;;;;;
124970;1;f 2 z13 mahmoud;;;;;;;;;;;;;;;
110067;1;f 2 z13 mahmoud;;;;;;;;;;;;;;;
124802;1;f 2 z13 mahmoud;;;;;;;;;;;;;;;
138703;2;f 2 z13 mahmoud;;;;;;;;;;;;;;;
125030;4;f 2 z13 mahmoud;;;;;;;;;;;;;;;
138797;2;f 2 z13 mahmoud;;;;;;;;;;;;;;;
125206;4;f 2 z13 mahmoud;;;;;;;;;;;;;;;
110463;3;f 2 z13 mahmoud;;;;;;;;;;;;;;;
138981;1;f 2 z13 mahmoud;;;;;;;;;;;;;;;
138677;1;f 2 z13 mahmoud;;;;;;;;;;;;;;;
138704;1;f 2 z13 mahmoud;;;;;;;;;;;;;;;
124829;1;f 2 z13 mahmoud;;;;;;;;;;;;;;;
124769;4;f 2 z13 mahmoud;;;;;;;;;;;;;;;
124772;1;f 2 z13 mahmoud;;;;;;;;;;;;;;;
118112;1;f 2 z13 mahmoud;;;;;;;;;;;;;;;
125178;1;f 2 z13 mahmoud;;;;;;;;;;;;;;;
138707;3;f 2 z13 mahmoud;;;;;;;;;;;;;;;
113830;2;f 2 z13 mahmoud;;;;;;;;;;;;;;;
138383;1;f 2 z13 mahmoud;;;;;;;;;;;;;;;
138854;3;f 2 z13 mahmoud;;;;;;;;;;;;;;;
110116;1;f 2 z13 mahmoud;;;;;;;;;;;;;;;
138235;1;f 2 z13 mahmoud;;;;;;;;;;;;;;;
138349;1;f 2 z13 mahmoud;;;;;;;;;;;;;;;
138734;1;f 2 z13 mahmoud;;;;;;;;;;;;;;;
138643;3;f 2 z13 mahmoud;;;;;;;;;;;;;;;
138382;1;f 2 z13 mahmoud;;;;;;;;;;;;;;;
125392;1;f 2 z13 mahmoud;;;;;;;;;;;;;;;
110493;2;f 2 z13 mahmoud;;;;;;;;;;;;;;;
138857;1;f 2 z13 mahmoud;;;;;;;;;;;;;;;
109979;3;f 2 z13 mahmoud;;;;;;;;;;;;;;;
125058;1;f 2 z13 mahmoud;;;;;;;;;;;;;;;
124712;2;f 2 z13 mahmoud;;;;;;;;;;;;;;;
125093;1;f 2 z13 mahmoud;;;;;;;;;;;;;;;
110492;2;f 2 z13 mahmoud;;;;;;;;;;;;;;;
125269;1;f 2 z13 mahmoud;;;;;;;;;;;;;;;
138319;2;f 2 z13 mahmoud;;;;;;;;;;;;;;;
110402;2;f 2 z13 mahmoud;;;;;;;;;;;;;;;
125181;2;f 2 z13 mahmoud;;;;;;;;;;;;;;;
138950;2;f 2 z13 mahmoud;;;;;;;;;;;;;;;
138951;3;f 2 z13 mahmoud;;;;;;;;;;;;;;;
139044;2;f 2 z13 mahmoud;;;;;;;;;;;;;;;
138642;1;f 2 z13 mahmoud;;;;;;;;;;;;;;;
138233;2;f 2 z13 mahmoud;;;;;;;;;;;;;;;
125061;5;f 2 z13 mahmoud;;;;;;;;;;;;;;;
125177;1;f 2 z13 mahmoud;;;;;;;;;;;;;;;
118241;1;f 2 z13 mahmoud;;;;;;;;;;;;;;;
139108;1;f 2 z13 mahmoud;;;;;;;;;;;;;;;
124944;5;f 2 z13 mahmoud;;;;;;;;;;;;;;;
109976;2;f 2 z13 mahmoud;;;;;;;;;;;;;;;
138345;1;f 2 z13 mahmoud;;;;;;;;;;;;;;;
138348;1;f 2 z13 mahmoud;;;;;;;;;;;;;;;
125060;4;f 2 z13 mahmoud;;;;;;;;;;;;;;;
139045;2;f 2 z13 mahmoud;;;;;;;;;;;;;;;
125032;4;f 2 z13 mahmoud;;;;;;;;;;;;;;;
138346;1;f 2 z13 mahmoud;;;;;;;;;;;;;;;
138344;1;f 2 z13 mahmoud;;;;;;;;;;;;;;;
138261;3;f 2 z13 mahmoud;;;;;;;;;;;;;;;
110435;1;f 2 z13 mahmoud;;;;;;;;;;;;;;;
125029;2;f 2 z13 mahmoud;;;;;;;;;;;;;;;
124740;1;f 2 z13 mahmoud;;;;;;;;;;;;;;;
125235;1;f 2 z13 mahmoud;;;;;;;;;;;;;;;
138827;1;f 2 z13 mahmoud;;;;;;;;;;;;;;;
139048;2;f 2 z13 mahmoud;;;;;;;;;;;;;;;
138889;1;f 2 z13 mahmoud;;;;;;;;;;;;;;;
124861;1;f 2 z13 mahmoud;;;;;;;;;;;;;;;
138380;2;f 2 z13 mahmoud;;;;;;;;;;;;;;;
125331;1;f 2 z13 mahmoud;;;;;;;;;;;;;;;
138855;1;f 2 z13 mahmoud;;;;;;;;;;;;;;;
138496;1;f 2 z13 mahmoud;;;;;;;;;;;;;;;
110062;2;f 2 z13 mahmoud;;;;;;;;;;;;;;;
125359;1;f 2 z13 mahmoud;;;;;;;;;;;;;;;
124975;2;f 2 z13 mahmoud;;;;;;;;;;;;;;;
124971;2;f 2 z13 mahmoud;;;;;;;;;;;;;;;
125179;1;f 2 z13 mahmoud;;;;;;;;;;;;;;;
125330;1;f 2 z13 mahmoud;;;;;;;;;;;;;;;
139112;4;f 2 z13 mahmoud;;;;;;;;;;;;;;;
139047;2;f 2 z13 mahmoud;;;;;;;;;;;;;;;
125003;2;f 2 z13 mahmoud;;;;;;;;;;;;;;;
125239;2;f 2 z13 mahmoud;;;;;;;;;;;;;;;
124770;3;f 2 z13 mahmoud;;;;;;;;;;;;;;;
125238;2;f 2 z13 mahmoud;;;;;;;;;;;;;;;
125390;4;f 2 z13 mahmoud;;;;;;;;;;;;;;;
139109;2;f 2 z13 mahmoud;;;;;;;;;;;;;;;
139107;1;f 2 z13 mahmoud;;;;;;;;;;;;;;;
125394;3;f 2 z13 mahmoud;;;;;;;;;;;;;;;
109920;1;f 2 z13 mahmoud;;;;;;;;;;;;;;;
138532;2;f 2 z13 mahmoud;;;;;;;;;;;;;;;
125267;1;f 2 z13 mahmoud;;;;;;;;;;;;;;;
125393;4;f 2 z13 mahmoud;;;;;;;;;;;;;;;
139012;1;f 2 z13 mahmoud;;;;;;;;;;;;;;;
109921;2;f 2 z13 mahmoud;;;;;;;;;;;;;;;
138764;2;f 2 z13 mahmoud;;;;;;;;;;;;;;;
124798;1;f 2 z13 mahmoud;;;;;;;;;;;;;;;
138706;2;f 2 z13 mahmoud;;;;;;;;;;;;;;;
138500;3;f 2 z13 mahmoud;;;;;;;;;;;;;;;
124941;1;f 2 z13 mahmoud;;;;;;;;;;;;;;;
124800;2;f 2 z13 mahmoud;;;;;;;;;;;;;;;
124799;4;f 2 z13 mahmoud;;;;;;;;;;;;;;;
138890;2;f 2 z13 mahmoud;;;;;;;;;;;;;;;
138795;2;f 2 z13 mahmoud;;;;;;;;;;;;;;;
138499;1;f 2 z13 mahmoud;;;;;;;;;;;;;;;
124974;1;f 2 z13 mahmoud;;;;;;;;;;;;;;;
124858;1;f 2 z13 mahmoud;;;;;;;;;;;;;;;
109978;2;f 2 z13 mahmoud;;;;;;;;;;;;;;;
124714;2;f 2 z13 mahmoud;;;;;;;;;;;;;;;
124803;1;f 2 z13 mahmoud;;;;;;;;;;;;;;;
110466;1;f 2 z13 mahmoud;;;;;;;;;;;;;;;
110465;1;f 2 z13 mahmoud;;;;;;;;;;;;;;;
138531;2;f 2 z13 mahmoud;;;;;;;;;;;;;;;
110033;2;f 2 z13 mahmoud;;;;;;;;;;;;;;;
125028;1;f 2 z13 mahmoud;;;;;;;;;;;;;;;
124773;3;f 2 z13 mahmoud;;;;;;;;;;;;;;;
138614;2;f 2 z13 mahmoud;;;;;;;;;;;;;;;
124715;4;f 2 z13 mahmoud;;;;;;;;;;;;;;;
124945;3;f 2 z13 mahmoud;;;;;;;;;;;;;;;
138983;3;f 2 z13 mahmoud;;;;;;;;;;;;;;;
125033;4;f 2 z13 mahmoud;;;;;;;;;;;;;;;
125360;6;f 2 z13 mahmoud;;;;;;;;;;;;;;;
138498;2;f 2 z13 mahmoud;;;;;;;;;;;;;;;
125509;4;f 2 z13 mahmoud;;;;;;;;;;;;;;;
138266;1;f 2 z13 mahmoud;;;;;;;;;;;;;;;
124768;3;f 2 z13 mahmoud;;;;;;;;;;;;;;;
125449;2;f 2 z13 mahmoud;;;;;;;;;;;;;;;
125448;3;f 2 z13 mahmoud;;;;;;;;;;;;;;;
125150;2;f 2 z13 mahmoud;;;;;;;;;;;;;;;
110436;4;f 2 z13 mahmoud;;;;;;;;;;;;;;;
156138;1;f2 z24 mah;;;;;;;;;;;;;;;
156137;2;f2 z24 mah;;;;;;;;;;;;;;;
156136;2;f2 z24 mah;;;;;;;;;;;;;;;
156841;1;f2 z24 mah;;;;;;;;;;;;;;;
156842;1;f2 z24 mah;;;;;;;;;;;;;;;
156840;2;f2 z24 mah;;;;;;;;;;;;;;;
156839;3;f2 z24 mah;;;;;;;;;;;;;;;
156587;3;f2 z24 mah;;;;;;;;;;;;;;;
156586;1;f2 z24 mah;;;;;;;;;;;;;;;
156860;1;f2 z24 mah;;;;;;;;;;;;;;;
156859;2;f2 z24 mah;;;;;;;;;;;;;;;
156858;2;f2 z24 mah;;;;;;;;;;;;;;;
156568;3;f2 z24 mah;;;;;;;;;;;;;;;
156567;1;f2 z24 mah;;;;;;;;;;;;;;;
156585;2;f2 z24 mah;;;;;;;;;;;;;;;
156862;3;f2 z24 mah;;;;;;;;;;;;;;;
156582;1;f2 z24 mah;;;;;;;;;;;;;;;
156580;2;f2 z24 mah;;;;;;;;;;;;;;;
156579;1;f2 z24 mah;;;;;;;;;;;;;;;
156542;1;f2 z24 mah;;;;;;;;;;;;;;;
156538;2;f2 z24 mah;;;;;;;;;;;;;;;
156537;3;f2 z24 mah;;;;;;;;;;;;;;;
156560;1;f2 z24 mah;;;;;;;;;;;;;;;
156557;2;f2 z24 mah;;;;;;;;;;;;;;;
156556;1;f2 z24 mah;;;;;;;;;;;;;;;
156555;1;f2 z24 mah;;;;;;;;;;;;;;;
156536;1;f2 z24 mah;;;;;;;;;;;;;;;
156534;1;f2 z24 mah;;;;;;;;;;;;;;;
156533;1;f2 z24 mah;;;;;;;;;;;;;;;
156654;2;f2 z24 mah;;;;;;;;;;;;;;;
156653;1;f2 z24 mah;;;;;;;;;;;;;;;
156601;1;f2 z24 mah;;;;;;;;;;;;;;;
156850;2;f2 z24 mah;;;;;;;;;;;;;;;
156848;2;f2 z24 mah;;;;;;;;;;;;;;;
156849;3;f2 z24 mah;;;;;;;;;;;;;;;
156847;3;f2 z24 mah;;;;;;;;;;;;;;;
156846;3;f2 z24 mah;;;;;;;;;;;;;;;
156857;2;f2 z24 mah;;;;;;;;;;;;;;;
156845;2;f2 z24 mah;;;;;;;;;;;;;;;
156602;1;f2 z24 mah;;;;;;;;;;;;;;;
156544;1;f2 z24 mah;;;;;;;;;;;;;;;
156543;3;f2 z24 mah;;;;;;;;;;;;;;;
156564;2;f2 z24 mah;;;;;;;;;;;;;;;
156562;1;f2 z24 mah;;;;;;;;;;;;;;;
156563;1;f2 z24 mah;;;;;;;;;;;;;;;
156150;3;f2 z24 mah;;;;;;;;;;;;;;;
156675;2;f2 z24 mah;;;;;;;;;;;;;;;
156676;2;f2 z24 mah;;;;;;;;;;;;;;;
156673;3;f2 z24 mah;;;;;;;;;;;;;;;
156672;3;f2 z24 mah;;;;;;;;;;;;;;;
156805;1;f2 z24 mah;;;;;;;;;;;;;;;
156373;2;f2 z24 mah;;;;;;;;;;;;;;;
156371;1;f2 z24 mah;;;;;;;;;;;;;;;
153800;2;f2 z24 mah;;;;;;;;;;;;;;;
153798;1;f2 z24 mah;;;;;;;;;;;;;;;
153797;2;f2 z24 mah;;;;;;;;;;;;;;;
156801;1;f2 z24 mah;;;;;;;;;;;;;;;
156799;4;f2 z24 mah;;;;;;;;;;;;;;;
158447;2;f2 z24 mah;;;;;;;;;;;;;;;
158445;1;f2 z24 mah;;;;;;;;;;;;;;;
158444;2;f2 z24 mah;;;;;;;;;;;;;;;
158442;1;f2 z24 mah;;;;;;;;;;;;;;;
156145;2;f2 z24 mah;;;;;;;;;;;;;;;
158443;2;f2 z24 mah;;;;;;;;;;;;;;;
156806;2;f2 z24 mah;;;;;;;;;;;;;;;
143108;1;f2 z24 mah;;;;;;;;;;;;;;;
157117;1;f2 z24 mah;;;;;;;;;;;;;;;
156377;1;f2 z24 mah;;;;;;;;;;;;;;;
156376;1;f2 z24 mah;;;;;;;;;;;;;;;
156375;2;f2 z24 mah;;;;;;;;;;;;;;;
158577;2;f2 z24 mah;;;;;;;;;;;;;;;
158572;1;f2 z24 mah;;;;;;;;;;;;;;;
158578;1;f2 z24 mah;;;;;;;;;;;;;;;
156237;2;f2 z24 mah;;;;;;;;;;;;;;;
156808;2;f2 z24 mah;;;;;;;;;;;;;;;
156807;1;f2 z24 mah;;;;;;;;;;;;;;;
156803;2;f2 z24 mah;;;;;;;;;;;;;;;
156820;1;f2 z24 mah;;;;;;;;;;;;;;;
156819;1;f2 z24 mah;;;;;;;;;;;;;;;
156817;1;f2 z24 mah;;;;;;;;;;;;;;;
156815;1;f2 z24 mah;;;;;;;;;;;;;;;
156356;1;f2 z24 mah;;;;;;;;;;;;;;;
156355;1;f2 z24 mah;;;;;;;;;;;;;;;
156827;1;f2 z24 mah;;;;;;;;;;;;;;;
156829;2;f2 z24 mah;;;;;;;;;;;;;;;
156830;2;f2 z24 mah;;;;;;;;;;;;;;;
156831;1;f2 z24 mah;;;;;;;;;;;;;;;
156832;1;f2 z24 mah;;;;;;;;;;;;;;;
156177;3;f2 z24 mah;;;;;;;;;;;;;;;
156178;2;f2 z24 mah;;;;;;;;;;;;;;;
156179;2;f2 z24 mah;;;;;;;;;;;;;;;
156180;2;f2 z24 mah;;;;;;;;;;;;;;;
156381;3;f2 z24 mah;;;;;;;;;;;;;;;
156379;1;f2 z24 mah;;;;;;;;;;;;;;;
156380;2;f2 z24 mah;;;;;;;;;;;;;;;
157116;2;f2 z24 mah;;;;;;;;;;;;;;;
157115;2;f2 z24 mah;;;;;;;;;;;;;;;
156170;1;f2 z24 mah;;;;;;;;;;;;;;;
156174;1;f2 z24 mah;;;;;;;;;;;;;;;
156169;1;f2 z24 mah;;;;;;;;;;;;;;;
156173;2;f2 z24 mah;;;;;;;;;;;;;;;
156171;1;f2 z24 mah;;;;;;;;;;;;;;;
156651;1;f2 z24 mah;;;;;;;;;;;;;;;
156649;1;f2 z24 mah;;;;;;;;;;;;;;;
156648;2;f2 z24 mah;;;;;;;;;;;;;;;
156647;2;f2 z24 mah;;;;;;;;;;;;;;;
156797;4;f2 z24 mah;;;;;;;;;;;;;;;
156671;4;f2 z24 mah;;;;;;;;;;;;;;;
156674;3;f2 z24 mah;;;;;;;;;;;;;;;
156650;1;f2 z24 mah;;;;;;;;;;;;;;;
156652;1;f2 z24 mah;;;;;;;;;;;;;;;
113659;5;f2 z18part 2 mahmoud;;;;;;;;;;;;;;;
113658;1;f2 z18part 2 mahmoud;;;;;;;;;;;;;;;
113671;6;f2 z18part 2 mahmoud;;;;;;;;;;;;;;;
355;1;f2 z18part 2 mahmoud;;;;;;;;;;;;;;;
113656;7;f2 z18part 2 mahmoud;;;;;;;;;;;;;;;
113662;8;f2 z18part 2 mahmoud;;;;;;;;;;;;;;;
113655;2;f2 z18part 2 mahmoud;;;;;;;;;;;;;;;
113670;6;f2 z18part 2 mahmoud;;;;;;;;;;;;;;;
113667;5;f2 z18part 2 mahmoud;;;;;;;;;;;;;;;
113661;8;f2 z18part 2 mahmoud;;;;;;;;;;;;;;;
113664;7;f2 z18part 2 mahmoud;;;;;;;;;;;;;;;
113665;13;f2 z18part 2 mahmoud;;;;;;;;;;;;;;;
113668;12;f2 z18part 2 mahmoud;;;;;;;;;;;;;;;
123449;1;f2 z18part 2 mahmoud;;;;;;;;;;;;;;;
56361;2;f2 z18part 2 mahmoud;;;;;;;;;;;;;;;
119551;1;f2 z18part 2 mahmoud;;;;;;;;;;;;;;;
119548;1;f2 z18part 2 mahmoud;;;;;;;;;;;;;;;
119985;1;f2 z18part 2 mahmoud;;;;;;;;;;;;;;;
121135;4;f2 z18part 2 mahmoud;;;;;;;;;;;;;;;
119547;1;f2 z18part 2 mahmoud;;;;;;;;;;;;;;;
119553;2;f2 z18part 2 mahmoud;;;;;;;;;;;;;;;
119987;2;f2 z18part 2 mahmoud;;;;;;;;;;;;;;;
121136;2;f2 z18part 2 mahmoud;;;;;;;;;;;;;;;
115610;2;f2 z18part 2 mahmoud;;;;;;;;;;;;;;;
343;1;f2 z18part 2 mahmoud;;;;;;;;;;;;;;;
119545;2;f2 z18part 2 mahmoud;;;;;;;;;;;;;;;
121134;3;f2 z18part 2 mahmoud;;;;;;;;;;;;;;;
119986;4;f2 z18part 2 mahmoud;;;;;;;;;;;;;;;
8985;11;f2 z18part 2 mahmoud;;;;;;;;;;;;;;;
1731;29;f2 z18part 2 mahmoud;;;;;;;;;;;;;;;
7991;12;f2 z18part 2 mahmoud;;;;;;;;;;;;;;;
6880;2;f2 z18part 2 mahmoud;;;;;;;;;;;;;;;
119552;3;f2 z18part 2 mahmoud;;;;;;;;;;;;;;;
115608;20;f2 z18part 2 mahmoud;;;;;;;;;;;;;;;
58878;2;f2 z18part 2 mahmoud;;;;;;;;;;;;;;;
56267;12;f2 z18part 2 mahmoud;;;;;;;;;;;;;;;
121137;1;f2 z18part 2 mahmoud;;;;;;;;;;;;;;;
115609;18;f2 z18part 2 mahmoud;;;;;;;;;;;;;;;
119546;7;f2 z18part 2 mahmoud;;;;;;;;;;;;;;;
67581;6;f2 z18part 2 mahmoud;;;;;;;;;;;;;;;
1734;8;f2 z18part 2 mahmoud;;;;;;;;;;;;;;;
7990;18;f2 z18part 2 mahmoud;;;;;;;;;;;;;;;
1733;4;f2 z18part 2 mahmoud;;;;;;;;;;;;;;;
1735;5;f2 z18part 2 mahmoud;;;;;;;;;;;;;;;
7989;20;f2 z18part 2 mahmoud;;;;;;;;;;;;;;;
1732;12;f2 z18part 2 mahmoud;;;;;;;;;;;;;;;
144603;1;f2 z18 mahmoud;;;;;;;;;;;;;;;
144007;1;f2 z18 mahmoud;;;;;;;;;;;;;;;
144111;3;f2 z18 mahmoud;;;;;;;;;;;;;;;
144502;2;f2 z18 mahmoud;;;;;;;;;;;;;;;
144292;2;f2 z18 mahmoud;;;;;;;;;;;;;;;
144372;5;f2 z18 mahmoud;;;;;;;;;;;;;;;
121305;1;f2 z18 mahmoud;;;;;;;;;;;;;;;
333;4;f2 z18 mahmoud;;;;;;;;;;;;;;;
15261;2;f2 z18 mahmoud;;;;;;;;;;;;;;;
4160;2;f2 z18 mahmoud;;;;;;;;;;;;;;;
15818;6;f2 z18 mahmoud;;;;;;;;;;;;;;;
23307;6;f2 z18 mahmoud;;;;;;;;;;;;;;;
4161;11;f2 z18 mahmoud;;;;;;;;;;;;;;;
15607;13;f2 z18 mahmoud;;;;;;;;;;;;;;;
4162;10;f2 z18 mahmoud;;;;;;;;;;;;;;;
329;9;f2 z18 mahmoud;;;;;;;;;;;;;;;
330;6;f2 z18 mahmoud;;;;;;;;;;;;;;;
55938;2;f2 z18 mahmoud;;;;;;;;;;;;;;;
15552;3;f2 z18 mahmoud;;;;;;;;;;;;;;;
130440;1;f2 z18 mahmoud;;;;;;;;;;;;;;;
7110;2;f2 z18 mahmoud;;;;;;;;;;;;;;;
12330;1;f2 z18 mahmoud;;;;;;;;;;;;;;;
9262;3;f2 z18 mahmoud;;;;;;;;;;;;;;;
130424;2;f2 z18 mahmoud;;;;;;;;;;;;;;;
130439;1;f2 z18 mahmoud;;;;;;;;;;;;;;;
55939;4;f2 z18 mahmoud;;;;;;;;;;;;;;;
4584;3;f2 z18 mahmoud;;;;;;;;;;;;;;;
14615;5;f2 z18 mahmoud;;;;;;;;;;;;;;;
16065;1;f2 z18 mahmoud;;;;;;;;;;;;;;;
130429;1;f2 z18 mahmoud;;;;;;;;;;;;;;;
338;3;f2 z18 mahmoud;;;;;;;;;;;;;;;
55937;8;f2 z18 mahmoud;;;;;;;;;;;;;;;
130430;1;f2 z18 mahmoud;;;;;;;;;;;;;;;
59178;1;f2 z18 mahmoud;;;;;;;;;;;;;;;
9263;4;f2 z18 mahmoud;;;;;;;;;;;;;;;
13349;1;f2 z18 mahmoud;;;;;;;;;;;;;;;
30536;1;f2 z18 mahmoud;;;;;;;;;;;;;;;
120535;2;f2 z18 mahmoud;;;;;;;;;;;;;;;
14613;12;f2 z18 mahmoud;;;;;;;;;;;;;;;
120807;3;f2 z18 mahmoud;;;;;;;;;;;;;;;
24112;1;f2 z18 mahmoud;;;;;;;;;;;;;;;
25218;1;f2 z18 mahmoud;;;;;;;;;;;;;;;
120536;1;f2 z18 mahmoud;;;;;;;;;;;;;;;
11252;1;f2 z18 mahmoud;;;;;;;;;;;;;;;
113577;4;f2 z18 mahmoud;;;;;;;;;;;;;;;
11246;6;f2 z18 mahmoud;;;;;;;;;;;;;;;
7108;1;f2 z18 mahmoud;;;;;;;;;;;;;;;
55936;1;f2 z18 mahmoud;;;;;;;;;;;;;;;
55940;3;f2 z18 mahmoud;;;;;;;;;;;;;;;
130425;1;f2 z18 mahmoud;;;;;;;;;;;;;;;
11253;1;f2 z18 mahmoud;;;;;;;;;;;;;;;
7109;12;f2 z18 mahmoud;;;;;;;;;;;;;;;
130423;2;f2 z18 mahmoud;;;;;;;;;;;;;;;
113579;1;f2 z18 mahmoud;;;;;;;;;;;;;;;
130426;1;f2 z18 mahmoud;;;;;;;;;;;;;;;
113578;2;f2 z18 mahmoud;;;;;;;;;;;;;;;
12327;4;f2 z18 mahmoud;;;;;;;;;;;;;;;
4586;1;f2 z18 mahmoud;;;;;;;;;;;;;;;
130434;1;f2 z18 mahmoud;;;;;;;;;;;;;;;
17960;1;f2 z18 mahmoud;;;;;;;;;;;;;;;
15970;4;f2 z18 mahmoud;;;;;;;;;;;;;;;
130438;2;f2 z18 mahmoud;;;;;;;;;;;;;;;
13352;6;f2 z18 mahmoud;;;;;;;;;;;;;;;
120537;2;f2 z18 mahmoud;;;;;;;;;;;;;;;
14614;6;f2 z18 mahmoud;;;;;;;;;;;;;;;
11247;9;f2 z18 mahmoud;;;;;;;;;;;;;;;
11248;6;f2 z18 mahmoud;;;;;;;;;;;;;;;
13351;11;f2 z18 mahmoud;;;;;;;;;;;;;;;
131519;1;f2 z18 mahmoud;;;;;;;;;;;;;;;
153526;2;f2 z18 mahmoud;;;;;;;;;;;;;;;
113413;3;f2 z18 mahmoud;;;;;;;;;;;;;;;
341;3;f2 z18 mahmoud;;;;;;;;;;;;;;;
11245;2;f2 z18 mahmoud;;;;;;;;;;;;;;;
113380;2;f2 z18 mahmoud;;;;;;;;;;;;;;;
153533;2;f2 z18 mahmoud;;;;;;;;;;;;;;;
131518;5;f2 z18 mahmoud;;;;;;;;;;;;;;;
153532;1;f2 z18 mahmoud;;;;;;;;;;;;;;;
14679;7;f2 z18 mahmoud;;;;;;;;;;;;;;;
11244;10;f2 z18 mahmoud;;;;;;;;;;;;;;;
111421;1;f2 z18 mahmoud;;;;;;;;;;;;;;;
153531;1;f2 z18 mahmoud;;;;;;;;;;;;;;;
153538;1;f2 z18 mahmoud;;;;;;;;;;;;;;;
15969;4;f2 z18 mahmoud;;;;;;;;;;;;;;;
109802;1;f2 z18 mahmoud;;;;;;;;;;;;;;;
111423;3;f2 z18 mahmoud;;;;;;;;;;;;;;;
111422;6;f2 z18 mahmoud;;;;;;;;;;;;;;;
113411;6;f2 z18 mahmoud;;;;;;;;;;;;;;;
14619;3;f2 z18 mahmoud;;;;;;;;;;;;;;;
339;7;f2 z18 mahmoud;;;;;;;;;;;;;;;
130437;3;f2 z18 mahmoud;;;;;;;;;;;;;;;
153524;2;f2 z18 mahmoud;;;;;;;;;;;;;;;
153530;1;f2 z18 mahmoud;;;;;;;;;;;;;;;
25220;7;f2 z18 mahmoud;;;;;;;;;;;;;;;
113379;15;f2 z18 mahmoud;;;;;;;;;;;;;;;
15551;20;f2 z18 mahmoud;;;;;;;;;;;;;;;
131516;6;f2 z18 mahmoud;;;;;;;;;;;;;;;
14588;4;f2 z18 mahmoud;;;;;;;;;;;;;;;
16082;3;f2 z18 mahmoud;;;;;;;;;;;;;;;
9260;2;f2 z18 mahmoud;;;;;;;;;;;;;;;
9261;2;f2 z18 mahmoud;;;;;;;;;;;;;;;
28627;21;f2 z18 mahmoud;;;;;;;;;;;;;;;
4583;2;f2 z18 mahmoud;;;;;;;;;;;;;;;
131515;8;f2 z18 mahmoud;;;;;;;;;;;;;;;
8191;2;f2 z18 mahmoud;;;;;;;;;;;;;;;
153537;3;f2 z18 mahmoud;;;;;;;;;;;;;;;
120534;6;f2 z18 mahmoud;;;;;;;;;;;;;;;
113378;3;f2 z18 mahmoud;;;;;;;;;;;;;;;
1610;1;f2 z18 mahmoud;;;;;;;;;;;;;;;
113410;4;f2 z18 mahmoud;;;;;;;;;;;;;;;
30541;3;f2 z18 mahmoud;;;;;;;;;;;;;;;
13348;2;f2 z18 mahmoud;;;;;;;;;;;;;;;
131514;2;f2 z18 mahmoud;;;;;;;;;;;;;;;
12909;1;f2 z18 mahmoud;;;;;;;;;;;;;;;
120806;1;f2 z18 mahmoud;;;;;;;;;;;;;;;
113412;3;f2 z18 mahmoud;;;;;;;;;;;;;;;
1615;1;f2 z18 mahmoud;;;;;;;;;;;;;;;
120533;4;f2 z18 mahmoud;;;;;;;;;;;;;;;
144326;2;f 2 z 17 mahmoud;;;;;;;;;;;;;;;
144325;1;f 2 z 17 mahmoud;;;;;;;;;;;;;;;
144331;1;f 2 z 17 mahmoud;;;;;;;;;;;;;;;
144333;1;f 2 z 17 mahmoud;;;;;;;;;;;;;;;
144016;1;f 2 z 17 mahmoud;;;;;;;;;;;;;;;
144161;1;f 2 z 17 mahmoud;;;;;;;;;;;;;;;
144339;3;f 2 z 17 mahmoud;;;;;;;;;;;;;;;
144489;1;f 2 z 17 mahmoud;;;;;;;;;;;;;;;
144338;1;f 2 z 17 mahmoud;;;;;;;;;;;;;;;
144412;1;f 2 z 17 mahmoud;;;;;;;;;;;;;;;
144410;1;f 2 z 17 mahmoud;;;;;;;;;;;;;;;
144270;1;f 2 z 17 mahmoud;;;;;;;;;;;;;;;
144246;1;f 2 z 17 mahmoud;;;;;;;;;;;;;;;
144245;4;f 2 z 17 mahmoud;;;;;;;;;;;;;;;
144403;2;f 2 z 17 mahmoud;;;;;;;;;;;;;;;
144323;1;f 2 z 17 mahmoud;;;;;;;;;;;;;;;
144322;3;f 2 z 17 mahmoud;;;;;;;;;;;;;;;
144273;1;f 2 z 17 mahmoud;;;;;;;;;;;;;;;
144272;1;f 2 z 17 mahmoud;;;;;;;;;;;;;;;
144271;5;f 2 z 17 mahmoud;;;;;;;;;;;;;;;
144277;1;f 2 z 17 mahmoud;;;;;;;;;;;;;;;
144094;1;f 2 z 17 mahmoud;;;;;;;;;;;;;;;
144095;1;f 2 z 17 mahmoud;;;;;;;;;;;;;;;
144276;1;f 2 z 17 mahmoud;;;;;;;;;;;;;;;
144274;5;f 2 z 17 mahmoud;;;;;;;;;;;;;;;
144275;5;f 2 z 17 mahmoud;;;;;;;;;;;;;;;
97374;1;f 2 z 17 mahmoud;;;;;;;;;;;;;;;
154739;1;f 2 z 17 mahmoud;;;;;;;;;;;;;;;
154737;1;f 2 z 17 mahmoud;;;;;;;;;;;;;;;
154738;1;f 2 z 17 mahmoud;;;;;;;;;;;;;;;
154740;3;f 2 z 17 mahmoud;;;;;;;;;;;;;;;
154821;2;f 2 z 17 mahmoud;;;;;;;;;;;;;;;
154819;2;f 2 z 17 mahmoud;;;;;;;;;;;;;;;
154820;1;f 2 z 17 mahmoud;;;;;;;;;;;;;;;
154918;1;f 2 z 17 mahmoud;;;;;;;;;;;;;;;
154917;2;f 2 z 17 mahmoud;;;;;;;;;;;;;;;
154916;2;f 2 z 17 mahmoud;;;;;;;;;;;;;;;
154890;1;f 2 z 17 mahmoud;;;;;;;;;;;;;;;
154770;2;f 2 z 17 mahmoud;;;;;;;;;;;;;;;
154769;2;f 2 z 17 mahmoud;;;;;;;;;;;;;;;
154768;2;f 2 z 17 mahmoud;;;;;;;;;;;;;;;
154736;1;f 2 z 17 mahmoud;;;;;;;;;;;;;;;
154966;2;f 2 z 17 mahmoud;;;;;;;;;;;;;;;
154933;1;f 2 z 17 mahmoud;;;;;;;;;;;;;;;
154932;3;f 2 z 17 mahmoud;;;;;;;;;;;;;;;
154931;2;f 2 z 17 mahmoud;;;;;;;;;;;;;;;
154929;2;f 2 z 17 mahmoud;;;;;;;;;;;;;;;
154691;1;f 2 z 17 mahmoud;;;;;;;;;;;;;;;
154896;1;f 2 z 17 mahmoud;;;;;;;;;;;;;;;
154892;1;f 2 z 17 mahmoud;;;;;;;;;;;;;;;
154999;1;f 2 z 17 mahmoud;;;;;;;;;;;;;;;
154757;1;f 2 z 17 mahmoud;;;;;;;;;;;;;;;
154664;2;f 2 z 17 mahmoud;;;;;;;;;;;;;;;
154663;2;f 2 z 17 mahmoud;;;;;;;;;;;;;;;
154662;5;f 2 z 17 mahmoud;;;;;;;;;;;;;;;
154720;2;f 2 z 17 mahmoud;;;;;;;;;;;;;;;
154672;1;f 2 z 17 mahmoud;;;;;;;;;;;;;;;
154670;2;f 2 z 17 mahmoud;;;;;;;;;;;;;;;
154669;3;f 2 z 17 mahmoud;;;;;;;;;;;;;;;
154905;2;f 2 z 17 mahmoud;;;;;;;;;;;;;;;
154904;1;f 2 z 17 mahmoud;;;;;;;;;;;;;;;
154899;1;f 2 z 17 mahmoud;;;;;;;;;;;;;;;
154995;2;f 2 z 17 mahmoud;;;;;;;;;;;;;;;
154795;1;f 2 z 17 mahmoud;;;;;;;;;;;;;;;
154794;2;f 2 z 17 mahmoud;;;;;;;;;;;;;;;
154714;3;f 2 z 17 mahmoud;;;;;;;;;;;;;;;
154712;4;f 2 z 17 mahmoud;;;;;;;;;;;;;;;
154713;4;f 2 z 17 mahmoud;;;;;;;;;;;;;;;
154911;1;f 2 z 17 mahmoud;;;;;;;;;;;;;;;
154715;3;f 2 z 17 mahmoud;;;;;;;;;;;;;;;
154935;1;f 2 z 17 mahmoud;;;;;;;;;;;;;;;
155353;1;f 2 z 17 mahmoud;;;;;;;;;;;;;;;
154703;1;f 2 z 17 mahmoud;;;;;;;;;;;;;;;
154868;2;f 2 z 17 mahmoud;;;;;;;;;;;;;;;
154870;1;f 2 z 17 mahmoud;;;;;;;;;;;;;;;
154869;3;f 2 z 17 mahmoud;;;;;;;;;;;;;;;
154871;2;f 2 z 17 mahmoud;;;;;;;;;;;;;;;
154884;2;f 2 z 17 mahmoud;;;;;;;;;;;;;;;
155014;1;f 2 z 17 mahmoud;;;;;;;;;;;;;;;
154936;1;f 2 z 17 mahmoud;;;;;;;;;;;;;;;
155172;1;f 2 z 17 mahmoud;;;;;;;;;;;;;;;
154758;1;f 2 z 17 mahmoud;;;;;;;;;;;;;;;
154681;3;f 2 z 17 mahmoud;;;;;;;;;;;;;;;
154687;3;f 2 z 17 mahmoud;;;;;;;;;;;;;;;
154689;1;f 2 z 17 mahmoud;;;;;;;;;;;;;;;
155012;1;f 2 z 17 mahmoud;;;;;;;;;;;;;;;
154867;2;f 2 z 17 mahmoud;;;;;;;;;;;;;;;
154942;5;f 2 z 17 mahmoud;;;;;;;;;;;;;;;
154944;3;f 2 z 17 mahmoud;;;;;;;;;;;;;;;
154872;1;f 2 z 17 mahmoud;;;;;;;;;;;;;;;
154745;1;f 2 z 17 mahmoud;;;;;;;;;;;;;;;
154881;1;f 2 z 17 mahmoud;;;;;;;;;;;;;;;
154882;1;f 2 z 17 mahmoud;;;;;;;;;;;;;;;
155010;1;f 2 z 17 mahmoud;;;;;;;;;;;;;;;
155008;2;f 2 z 17 mahmoud;;;;;;;;;;;;;;;
155009;2;f 2 z 17 mahmoud;;;;;;;;;;;;;;;
154702;3;f 2 z 17 mahmoud;;;;;;;;;;;;;;;
154969;2;f 2 z 17 mahmoud;;;;;;;;;;;;;;;
154968;2;f 2 z 17 mahmoud;;;;;;;;;;;;;;;
154970;3;f 2 z 17 mahmoud;;;;;;;;;;;;;;;
154974;3;f 2 z 17 mahmoud;;;;;;;;;;;;;;;
154973;2;f 2 z 17 mahmoud;;;;;;;;;;;;;;;
154972;8;f 2 z 17 mahmoud;;;;;;;;;;;;;;;
154971;3;f 2 z 17 mahmoud;;;;;;;;;;;;;;;
154984;2;f 2 z 17 mahmoud;;;;;;;;;;;;;;;
154983;1;f 2 z 17 mahmoud;;;;;;;;;;;;;;;
154981;1;f 2 z 17 mahmoud;;;;;;;;;;;;;;;
154982;1;f 2 z 17 mahmoud;;;;;;;;;;;;;;;
154888;3;f 2 z 17 mahmoud;;;;;;;;;;;;;;;
154991;2;f 2 z 17 mahmoud;;;;;;;;;;;;;;;
155017;6;f 2 z 17 mahmoud;;;;;;;;;;;;;;;
154979;2;f 2 z 17 mahmoud;;;;;;;;;;;;;;;
154978;1;f 2 z 17 mahmoud;;;;;;;;;;;;;;;
154977;2;f 2 z 17 mahmoud;;;;;;;;;;;;;;;
154976;1;f 2 z 17 mahmoud;;;;;;;;;;;;;;;
139048;1;f1 z7 abdo;;;;;;;;;;;;;;;
124945;2;f1 z7 abdo;;;;;;;;;;;;;;;
138793;1;f1 z7 abdo;;;;;;;;;;;;;;;
125394;1;f1 z7 abdo;;;;;;;;;;;;;;;
138233;1;f1 z7 abdo;;;;;;;;;;;;;;;
138533;1;f1 z7 abdo;;;;;;;;;;;;;;;
138922;1;f1 z7 abdo;;;;;;;;;;;;;;;
138320;1;f1 z7 abdo;;;;;;;;;;;;;;;
125391;1;f1 z7 abdo;;;;;;;;;;;;;;;
138319;1;f1 z7 abdo;;;;;;;;;;;;;;;
138737;1;f1 z7 abdo;;;;;;;;;;;;;;;
138886;1;f1 z7 abdo;;;;;;;;;;;;;;;
138345;1;f1 z7 abdo;;;;;;;;;;;;;;;
138796;1;f1 z7 abdo;;;;;;;;;;;;;;;
138535;1;f1 z7 abdo;;;;;;;;;;;;;;;
125030;1;f1 z7 abdo;;;;;;;;;;;;;;;
118242;1;f1 z7 abdo;;;;;;;;;;;;;;;
124943;1;f1 z7 abdo;;;;;;;;;;;;;;;
113830;1;f1 z7 abdo;;;;;;;;;;;;;;;
124802;2;f1 z7 abdo;;;;;;;;;;;;;;;
113829;1;f1 z7 abdo;;;;;;;;;;;;;;;
118645;1;f1 z7 abdo;;;;;;;;;;;;;;;
125004;1;f1 z7 abdo;;;;;;;;;;;;;;;
138797;2;f1 z7 abdo;;;;;;;;;;;;;;;
138615;1;f1 z7 abdo;;;;;;;;;;;;;;;
124944;1;f1 z7 abdo;;;;;;;;;;;;;;;
138585;1;f1 z7 abdo;;;;;;;;;;;;;;;
125331;1;f1 z7 abdo;;;;;;;;;;;;;;;
110462;1;f1 z7 abdo;;;;;;;;;;;;;;;
125205;1;f1 z7 abdo;;;;;;;;;;;;;;;
110496;1;f1 z7 abdo;;;;;;;;;;;;;;;
138586;1;f1 z7 abdo;;;;;;;;;;;;;;;
138236;2;f1 z7 abdo;;;;;;;;;;;;;;;
109975;1;f1 z7 abdo;;;;;;;;;;;;;;;
124770;2;f1 z7 abdo;;;;;;;;;;;;;;;
125206;1;f1 z7 abdo;;;;;;;;;;;;;;;
125148;1;f1 z7 abdo;;;;;;;;;;;;;;;
139016;1;f1 z7 abdo;;;;;;;;;;;;;;;
124772;1;f1 z7 abdo;;;;;;;;;;;;;;;
118327;3;f1 z7 abdo;;;;;;;;;;;;;;;
109976;1;f1 z7 abdo;;;;;;;;;;;;;;;
138348;1;f1 z7 abdo;;;;;;;;;;;;;;;
124858;1;f1 z7 abdo;;;;;;;;;;;;;;;
118323;1;f1 z7 abdo;;;;;;;;;;;;;;;
118646;2;f1 z7 abdo;;;;;;;;;;;;;;;
138984;1;f1 z7 abdo;;;;;;;;;;;;;;;
138858;2;f1 z7 abdo;;;;;;;;;;;;;;;
118020;1;f1 z7 abdo;;;;;;;;;;;;;;;
125033;2;f1 z7 abdo;;;;;;;;;;;;;;;
124800;1;f1 z7 abdo;;;;;;;;;;;;;;;
138232;1;f1 z7 abdo;;;;;;;;;;;;;;;
138262;2;f1 z7 abdo;;;;;;;;;;;;;;;
138642;1;f1 z7 abdo;;;;;;;;;;;;;;;
138618;2;f1 z7 abdo;;;;;;;;;;;;;;;
118147;1;f1 z7 abdo;;;;;;;;;;;;;;;
110406;1;f1 z7 abdo;;;;;;;;;;;;;;;
109921;3;f1 z7 abdo;;;;;;;;;;;;;;;
139013;1;f1 z7 abdo;;;;;;;;;;;;;;;
125299;1;f1 z7 abdo;;;;;;;;;;;;;;;
124773;1;f1 z7 abdo;;;;;;;;;;;;;;;
125269;3;f1 z7 abdo;;;;;;;;;;;;;;;
138263;4;f1 z7 abdo;;;;;;;;;;;;;;;
138857;1;f1 z7 abdo;;;;;;;;;;;;;;;
138794;3;f1 z7 abdo;;;;;;;;;;;;;;;
125209;1;f1 z7 abdo;;;;;;;;;;;;;;;
124975;1;f1 z7 abdo;;;;;;;;;;;;;;;
138501;1;f1 z7 abdo;;;;;;;;;;;;;;;
147772;1;f1 z7 abdo;;;;;;;;;;;;;;;
158300;1;f1 z7 abdo;;;;;;;;;;;;;;;
158298;1;f1 z7 abdo;;;;;;;;;;;;;;;
158283;1;f1 z7 abdo;;;;;;;;;;;;;;;
148153;1;f1 z7 abdo;;;;;;;;;;;;;;;
148155;1;f1 z7 abdo;;;;;;;;;;;;;;;
147761;1;f1 z7 abdo;;;;;;;;;;;;;;;
148151;2;f1 z7 abdo;;;;;;;;;;;;;;;
147770;3;f1 z7 abdo;;;;;;;;;;;;;;;
158379;1;f1 z7 abdo;;;;;;;;;;;;;;;
158381;1;f1 z7 abdo;;;;;;;;;;;;;;;
158377;1;f1 z7 abdo;;;;;;;;;;;;;;;
126829;1;f1 z7 abdo;;;;;;;;;;;;;;;
126826;1;f1 z7 abdo;;;;;;;;;;;;;;;
158389;1;f1 z7 abdo;;;;;;;;;;;;;;;
126830;1;f1 z7 abdo;;;;;;;;;;;;;;;
158385;1;f1 z7 abdo;;;;;;;;;;;;;;;
158383;1;f1 z7 abdo;;;;;;;;;;;;;;;
158239;1;f1 z7 abdo;;;;;;;;;;;;;;;
158237;1;f1 z7 abdo;;;;;;;;;;;;;;;
158386;1;f1 z7 abdo;;;;;;;;;;;;;;;
158384;1;f1 z7 abdo;;;;;;;;;;;;;;;
158382;1;f1 z7 abdo;;;;;;;;;;;;;;;
147816;1;f1 z7 abdo;;;;;;;;;;;;;;;
158340;1;f1 z7 abdo;;;;;;;;;;;;;;;
158341;1;f1 z7 abdo;;;;;;;;;;;;;;;
158331;1;f1 z7 abdo;;;;;;;;;;;;;;;
158332;1;f1 z7 abdo;;;;;;;;;;;;;;;
140283;1;f1 z7 abdo;;;;;;;;;;;;;;;
97223;3;f1 z7 abdo;;;;;;;;;;;;;;;
97279;2;f1 z7 abdo;;;;;;;;;;;;;;;
97280;1;f1 z7 abdo;;;;;;;;;;;;;;;
108894;1;f1 z7 abdo;;;;;;;;;;;;;;;
108989;1;f1 z7 abdo;;;;;;;;;;;;;;;
108990;1;f1 z7 abdo;;;;;;;;;;;;;;;
121839;1;f1 z7 abdo;;;;;;;;;;;;;;;
121900;2;f1 z7 abdo;;;;;;;;;;;;;;;
97216;1;f1 z7 abdo;;;;;;;;;;;;;;;
127476;1;f1 z7 abdo;;;;;;;;;;;;;;;
108933;2;f1 z7 abdo;;;;;;;;;;;;;;;
121875;1;f1 z7 abdo;;;;;;;;;;;;;;;
97220;3;f1 z7 abdo;;;;;;;;;;;;;;;
97219;2;f1 z7 abdo;;;;;;;;;;;;;;;
108987;1;f1 z7 abdo;;;;;;;;;;;;;;;
127466;1;f1 z7 abdo;;;;;;;;;;;;;;;
108932;2;f1 z7 abdo;;;;;;;;;;;;;;;
127467;1;f1 z7 abdo;;;;;;;;;;;;;;;
108941;1;f1 z7 abdo;;;;;;;;;;;;;;;
127460;1;f1 z7 abdo;;;;;;;;;;;;;;;
127463;1;f1 z7 abdo;;;;;;;;;;;;;;;
127461;1;f1 z7 abdo;;;;;;;;;;;;;;;
127522;1;f1 z7 abdo;;;;;;;;;;;;;;;
108994;1;f1 z7 abdo;;;;;;;;;;;;;;;
121845;1;f1 z7 abdo;;;;;;;;;;;;;;;
121848;1;f1 z7 abdo;;;;;;;;;;;;;;;
127464;1;f1 z7 abdo;;;;;;;;;;;;;;;
127519;1;f1 z7 abdo;;;;;;;;;;;;;;;
121833;3;f1 z7 abdo;;;;;;;;;;;;;;;
127491;2;f1 z7 abdo;;;;;;;;;;;;;;;
108992;2;f1 z7 abdo;;;;;;;;;;;;;;;
121855;1;f1 z7 abdo;;;;;;;;;;;;;;;
132082;1;f1 z7 abdo;;;;;;;;;;;;;;;
140285;2;f1 z7 abdo;;;;;;;;;;;;;;;
127492;3;f1 z7 abdo;;;;;;;;;;;;;;;
97217;4;f1 z7 abdo;;;;;;;;;;;;;;;
132083;1;f1 z7 abdo;;;;;;;;;;;;;;;
121872;3;f1 z7 abdo;;;;;;;;;;;;;;;
108993;2;f1 z7 abdo;;;;;;;;;;;;;;;
137294;1;f1 z7 abdo;;;;;;;;;;;;;;;
121870;1;f1 z7 abdo;;;;;;;;;;;;;;;
121835;1;f1 z7 abdo;;;;;;;;;;;;;;;
127468;1;f1 z7 abdo;;;;;;;;;;;;;;;
121908;3;f1 z7 abdo;;;;;;;;;;;;;;;
121905;3;f1 z7 abdo;;;;;;;;;;;;;;;
121828;4;f1 z7 abdo;;;;;;;;;;;;;;;
127521;1;f1 z7 abdo;;;;;;;;;;;;;;;
108929;1;f1 z7 abdo;;;;;;;;;;;;;;;
109012;1;f1 z7 abdo;;;;;;;;;;;;;;;
121874;1;f1 z7 abdo;;;;;;;;;;;;;;;
108884;1;f1 z7 abdo;;;;;;;;;;;;;;;
127485;2;f1 z7 abdo;;;;;;;;;;;;;;;
121854;4;f1 z7 abdo;;;;;;;;;;;;;;;
109010;1;f1 z7 abdo;;;;;;;;;;;;;;;
121906;2;f1 z7 abdo;;;;;;;;;;;;;;;
121842;1;f1 z7 abdo;;;;;;;;;;;;;;;
108914;1;f1 z7 abdo;;;;;;;;;;;;;;;
108998;1;f1 z7 abdo;;;;;;;;;;;;;;;
121843;2;f1 z7 abdo;;;;;;;;;;;;;;;
108935;1;f1 z7 abdo;;;;;;;;;;;;;;;
121827;4;f1 z7 abdo;;;;;;;;;;;;;;;
127473;2;f1 z7 abdo;;;;;;;;;;;;;;;
121869;1;f1 z7 abdo;;;;;;;;;;;;;;;
121834;3;f1 z7 abdo;;;;;;;;;;;;;;;
121876;2;f1 z7 abdo;;;;;;;;;;;;;;;
121849;1;f1 z7 abdo;;;;;;;;;;;;;;;
121864;1;f1 z7 abdo;;;;;;;;;;;;;;;
127520;1;f1 z7 abdo;;;;;;;;;;;;;;;
121909;3;f1 z7 abdo;;;;;;;;;;;;;;;
108986;2;f1 z7 abdo;;;;;;;;;;;;;;;
97232;1;f1 z7 abdo;;;;;;;;;;;;;;;
127462;1;f1 z7 abdo;;;;;;;;;;;;;;;
127506;1;f1 z7 abdo;;;;;;;;;;;;;;;
121866;3;f1 z7 abdo;;;;;;;;;;;;;;;
136924;1;F1stouk mahmoud;;;;;;;;;;;;;;;
123024;2;F1stouk mahmoud;;;;;;;;;;;;;;;
134987;9;F1stouk mahmoud;;;;;;;;;;;;;;;
123023;4;F1stouk mahmoud;;;;;;;;;;;;;;;
134988;8;F1stouk mahmoud;;;;;;;;;;;;;;;
123004;1;F1stouk mahmoud;;;;;;;;;;;;;;;
134991;1;F1stouk mahmoud;;;;;;;;;;;;;;;
123016;5;F1stouk mahmoud;;;;;;;;;;;;;;;
124194;5;F1stouk mahmoud;;;;;;;;;;;;;;;
134989;5;F1stouk mahmoud;;;;;;;;;;;;;;;
143373;2;F1stouk mahmoud;;;;;;;;;;;;;;;
123022;14;F1stouk mahmoud;;;;;;;;;;;;;;;
123020;6;F1stouk mahmoud;;;;;;;;;;;;;;;
123019;3;F1stouk mahmoud;;;;;;;;;;;;;;;
123017;11;F1stouk mahmoud;;;;;;;;;;;;;;;
123018;2;F1stouk mahmoud;;;;;;;;;;;;;;;
138196;1;F1stouk mahmoud;;;;;;;;;;;;;;;
123003;1;F1stouk mahmoud;;;;;;;;;;;;;;;
123007;5;F1stouk mahmoud;;;;;;;;;;;;;;;
138146;4;F1stouk mahmoud;;;;;;;;;;;;;;;
138142;1;F1stouk mahmoud;;;;;;;;;;;;;;;
123012;1;F1stouk mahmoud;;;;;;;;;;;;;;;
143369;1;F1stouk mahmoud;;;;;;;;;;;;;;;
143368;2;F1stouk mahmoud;;;;;;;;;;;;;;;
123041;12;F1stouk mahmoud;;;;;;;;;;;;;;;
143370;4;F1stouk mahmoud;;;;;;;;;;;;;;;
123039;12;F1stouk mahmoud;;;;;;;;;;;;;;;
123044;12;F1stouk mahmoud;;;;;;;;;;;;;;;
124195;11;F1stouk mahmoud;;;;;;;;;;;;;;;
123045;12;F1stouk mahmoud;;;;;;;;;;;;;;;
123046;7;F1stouk mahmoud;;;;;;;;;;;;;;;
123043;12;F1stouk mahmoud;;;;;;;;;;;;;;;
123084;1;F1stouk mahmoud;;;;;;;;;;;;;;;
123028;1;F1stouk mahmoud;;;;;;;;;;;;;;;
145432;1;F1stouk mahmoud;;;;;;;;;;;;;;;
143377;1;F1stouk mahmoud;;;;;;;;;;;;;;;
145419;1;F1stouk mahmoud;;;;;;;;;;;;;;;
138160;3;F1stouk mahmoud;;;;;;;;;;;;;;;
123082;4;F1stouk mahmoud;;;;;;;;;;;;;;;
138162;3;F1stouk mahmoud;;;;;;;;;;;;;;;
140300;3;F1stouk mahmoud;;;;;;;;;;;;;;;
138169;4;F1stouk mahmoud;;;;;;;;;;;;;;;
145488;4;F1stouk mahmoud;;;;;;;;;;;;;;;
147203;1;F1stouk mahmoud;;;;;;;;;;;;;;;
123083;3;F1stouk mahmoud;;;;;;;;;;;;;;;
142688;1;F1stouk mahmoud;;;;;;;;;;;;;;;
145487;1;F1stouk mahmoud;;;;;;;;;;;;;;;
136689;2;F1stouk mahmoud;;;;;;;;;;;;;;;
145417;1;F1stouk mahmoud;;;;;;;;;;;;;;;
140295;1;F1stouk mahmoud;;;;;;;;;;;;;;;
138161;2;F1stouk mahmoud;;;;;;;;;;;;;;;
123081;2;F1stouk mahmoud;;;;;;;;;;;;;;;
138133;4;F1stouk mahmoud;;;;;;;;;;;;;;;
138170;3;F1stouk mahmoud;;;;;;;;;;;;;;;
138147;2;F1stouk mahmoud;;;;;;;;;;;;;;;
136684;1;F1stouk mahmoud;;;;;;;;;;;;;;;
140299;1;F1stouk mahmoud;;;;;;;;;;;;;;;
140316;2;F1stouk mahmoud;;;;;;;;;;;;;;;
138137;1;F1stouk mahmoud;;;;;;;;;;;;;;;
138132;2;F1stouk mahmoud;;;;;;;;;;;;;;;
123080;2;F1stouk mahmoud;;;;;;;;;;;;;;;
145421;5;F1stouk mahmoud;;;;;;;;;;;;;;;
123052;2;F1stouk mahmoud;;;;;;;;;;;;;;;
143376;1;F1stouk mahmoud;;;;;;;;;;;;;;;
136682;3;F1stouk mahmoud;;;;;;;;;;;;;;;
145420;4;F1stouk mahmoud;;;;;;;;;;;;;;;
145418;1;F1stouk mahmoud;;;;;;;;;;;;;;;
143375;1;F1stouk mahmoud;;;;;;;;;;;;;;;
138143;4;F1stouk mahmoud;;;;;;;;;;;;;;;
138163;3;F1stouk mahmoud;;;;;;;;;;;;;;;
140297;3;F1stouk mahmoud;;;;;;;;;;;;;;;
145428;4;F1stouk mahmoud;;;;;;;;;;;;;;;
138153;3;F1stouk mahmoud;;;;;;;;;;;;;;;
136927;3;F1stouk mahmoud;;;;;;;;;;;;;;;
140302;2;F1stouk mahmoud;;;;;;;;;;;;;;;
145431;4;F1stouk mahmoud;;;;;;;;;;;;;;;
138152;4;F1stouk mahmoud;;;;;;;;;;;;;;;
143374;3;F1stouk mahmoud;;;;;;;;;;;;;;;
140311;1;F1stouk mahmoud;;;;;;;;;;;;;;;
140317;4;F1stouk mahmoud;;;;;;;;;;;;;;;
138171;3;F1stouk mahmoud;;;;;;;;;;;;;;;
140318;2;F1stouk mahmoud;;;;;;;;;;;;;;;
138144;3;F1stouk mahmoud;;;;;;;;;;;;;;;
138176;3;F1stouk mahmoud;;;;;;;;;;;;;;;
138134;8;F1stouk mahmoud;;;;;;;;;;;;;;;
138145;3;F1stouk mahmoud;;;;;;;;;;;;;;;
142156;5;F1stouk mahmoud;;;;;;;;;;;;;;;
138205;7;F1stouk mahmoud;;;;;;;;;;;;;;;
138201;1;F1stouk mahmoud;;;;;;;;;;;;;;;
138157;4;F1stouk mahmoud;;;;;;;;;;;;;;;
142157;6;F1stouk mahmoud;;;;;;;;;;;;;;;
123034;7;F1stouk mahmoud;;;;;;;;;;;;;;;
123027;10;F1stouk mahmoud;;;;;;;;;;;;;;;
123021;12;F1stouk mahmoud;;;;;;;;;;;;;;;
157511;1;stock abdo;;;;;;;;;;;;;;;
157508;1;stock abdo;;;;;;;;;;;;;;;
157513;1;stock abdo;;;;;;;;;;;;;;;
157512;1;stock abdo;;;;;;;;;;;;;;;
157504;1;stock abdo;;;;;;;;;;;;;;;
157503;2;stock abdo;;;;;;;;;;;;;;;
157510;1;stock abdo;;;;;;;;;;;;;;;
157507;2;stock abdo;;;;;;;;;;;;;;;
157506;2;stock abdo;;;;;;;;;;;;;;;
157505;2;stock abdo;;;;;;;;;;;;;;;
157502;2;stock abdo;;;;;;;;;;;;;;;
157500;1;stock abdo;;;;;;;;;;;;;;;
157499;1;stock abdo;;;;;;;;;;;;;;;
157497;1;stock abdo;;;;;;;;;;;;;;;
157496;1;stock abdo;;;;;;;;;;;;;;;
157501;2;stock abdo;;;;;;;;;;;;;;;
157498;1;stock abdo;;;;;;;;;;;;;;;
158102;1;stock abdo;;;;;;;;;;;;;;;
158106;1;stock abdo;;;;;;;;;;;;;;;
158104;1;stock abdo;;;;;;;;;;;;;;;
158103;2;stock abdo;;;;;;;;;;;;;;;
158105;1;stock abdo;;;;;;;;;;;;;;;
158107;2;stock abdo;;;;;;;;;;;;;;;
157881;1;stock abdo;;;;;;;;;;;;;;;
157875;1;stock abdo;;;;;;;;;;;;;;;
157877;1;stock abdo;;;;;;;;;;;;;;;
157874;1;stock abdo;;;;;;;;;;;;;;;
157882;2;stock abdo;;;;;;;;;;;;;;;
157885;1;stock abdo;;;;;;;;;;;;;;;
157876;1;stock abdo;;;;;;;;;;;;;;;
157884;2;stock abdo;;;;;;;;;;;;;;;
157878;1;stock abdo;;;;;;;;;;;;;;;
157880;1;stock abdo;;;;;;;;;;;;;;;
157879;1;stock abdo;;;;;;;;;;;;;;;
157610;2;stock abdo;;;;;;;;;;;;;;;
157582;2;stock abdo;;;;;;;;;;;;;;;
157612;2;stock abdo;;;;;;;;;;;;;;;
157580;2;stock abdo;;;;;;;;;;;;;;;
157611;2;stock abdo;;;;;;;;;;;;;;;
157613;2;stock abdo;;;;;;;;;;;;;;;
157581;2;stock abdo;;;;;;;;;;;;;;;
157615;1;stock abdo;;;;;;;;;;;;;;;
157583;2;stock abdo;;;;;;;;;;;;;;;
157528;1;stock abdo;;;;;;;;;;;;;;;
157527;1;stock abdo;;;;;;;;;;;;;;;
157530;2;stock abdo;;;;;;;;;;;;;;;
158100;2;stock abdo;;;;;;;;;;;;;;;
158097;2;stock abdo;;;;;;;;;;;;;;;
158099;1;stock abdo;;;;;;;;;;;;;;;
158101;2;stock abdo;;;;;;;;;;;;;;;
158096;1;stock abdo;;;;;;;;;;;;;;;
158565;2;stock abdo;;;;;;;;;;;;;;;
158564;2;stock abdo;;;;;;;;;;;;;;;
158561;2;stock abdo;;;;;;;;;;;;;;;
158560;2;stock abdo;;;;;;;;;;;;;;;
158562;2;stock abdo;;;;;;;;;;;;;;;
158563;2;stock abdo;;;;;;;;;;;;;;;
157870;1;stock abdo;;;;;;;;;;;;;;;
157869;1;stock abdo;;;;;;;;;;;;;;;
157873;2;stock abdo;;;;;;;;;;;;;;;
157872;2;stock abdo;;;;;;;;;;;;;;;
157871;1;stock abdo;;;;;;;;;;;;;;;
158026;1;stock abdo;;;;;;;;;;;;;;;
157868;1;stock abdo;;;;;;;;;;;;;;;
158028;1;stock abdo;;;;;;;;;;;;;;;
158039;2;stock abdo;;;;;;;;;;;;;;;
158069;1;stock abdo;;;;;;;;;;;;;;;
158047;1;stock abdo;;;;;;;;;;;;;;;
157850;1;stock abdo;;;;;;;;;;;;;;;
157854;2;stock abdo;;;;;;;;;;;;;;;
157851;2;stock abdo;;;;;;;;;;;;;;;
157852;2;stock abdo;;;;;;;;;;;;;;;
157853;3;stock abdo;;;;;;;;;;;;;;;
157855;2;stock abdo;;;;;;;;;;;;;;;
157861;2;stock abdo;;;;;;;;;;;;;;;
157860;2;stock abdo;;;;;;;;;;;;;;;
157495;2;stock abdo;;;;;;;;;;;;;;;
157858;2;stock abdo;;;;;;;;;;;;;;;
157859;2;stock abdo;;;;;;;;;;;;;;;
157856;2;stock abdo;;;;;;;;;;;;;;;
157857;2;stock abdo;;;;;;;;;;;;;;;
157490;2;stock abdo;;;;;;;;;;;;;;;
157491;2;stock abdo;;;;;;;;;;;;;;;
157492;1;stock abdo;;;;;;;;;;;;;;;
157493;2;stock abdo;;;;;;;;;;;;;;;
157494;2;stock abdo;;;;;;;;;;;;;;;
157520;2;stock abdo;;;;;;;;;;;;;;;
157521;2;stock abdo;;;;;;;;;;;;;;;
157522;2;stock abdo;;;;;;;;;;;;;;;
157523;2;stock abdo;;;;;;;;;;;;;;;
157524;2;stock abdo;;;;;;;;;;;;;;;
157525;2;stock abdo;;;;;;;;;;;;;;;
157586;1;stock abdo;;;;;;;;;;;;;;;
157595;1;stock abdo;;;;;;;;;;;;;;;
157594;1;stock abdo;;;;;;;;;;;;;;;
157592;2;stock abdo;;;;;;;;;;;;;;;
157596;1;stock abdo;;;;;;;;;;;;;;;
157590;1;stock abdo;;;;;;;;;;;;;;;
157593;2;stock abdo;;;;;;;;;;;;;;;
157601;1;stock abdo;;;;;;;;;;;;;;;
157599;1;stock abdo;;;;;;;;;;;;;;;
157598;1;stock abdo;;;;;;;;;;;;;;;
157600;1;stock abdo;;;;;;;;;;;;;;;
157602;1;stock abdo;;;;;;;;;;;;;;;
157655;2;stock abdo;;;;;;;;;;;;;;;
157654;1;stock abdo;;;;;;;;;;;;;;;
157656;2;stock abdo;;;;;;;;;;;;;;;
157653;1;stock abdo;;;;;;;;;;;;;;;
158056;1;stock abdo;;;;;;;;;;;;;;;
157584;2;stock abdo;;;;;;;;;;;;;;;
157585;2;stock abdo;;;;;;;;;;;;;;;
157614;2;stock abdo;;;;;;;;;;;;;;;
158054;1;stock abdo;;;;;;;;;;;;;;;
158057;1;stock abdo;;;;;;;;;;;;;;;
157909;1;stock abdo;;;;;;;;;;;;;;;
157904;1;stock abdo;;;;;;;;;;;;;;;
157906;1;stock abdo;;;;;;;;;;;;;;;
157908;1;stock abdo;;;;;;;;;;;;;;;
157907;1;stock abdo;;;;;;;;;;;;;;;
157905;1;stock abdo;;;;;;;;;;;;;;;
158503;2;stock abdo;;;;;;;;;;;;;;;
158502;2;stock abdo;;;;;;;;;;;;;;;
158501;2;stock abdo;;;;;;;;;;;;;;;
158500;2;stock abdo;;;;;;;;;;;;;;;
158504;2;stock abdo;;;;;;;;;;;;;;;
158505;2;stock abdo;;;;;;;;;;;;;;;
158497;1;stock abdo;;;;;;;;;;;;;;;
158496;1;stock abdo;;;;;;;;;;;;;;;
158495;1;stock abdo;;;;;;;;;;;;;;;
158494;3;stock abdo;;;;;;;;;;;;;;;
158029;3;stock abdo;;;;;;;;;;;;;;;
158027;2;stock abdo;;;;;;;;;;;;;;;
158024;1;stock abdo;;;;;;;;;;;;;;;
137690;1;stock abdo;;;;;;;;;;;;;;;
137694;1;stock abdo;;;;;;;;;;;;;;;
137691;1;stock abdo;;;;;;;;;;;;;;;
137692;1;stock abdo;;;;;;;;;;;;;;;
137689;1;stock abdo;;;;;;;;;;;;;;;
158074;2;stock abdo;;;;;;;;;;;;;;;
158076;2;stock abdo;;;;;;;;;;;;;;;
158077;2;stock abdo;;;;;;;;;;;;;;;
158075;2;stock abdo;;;;;;;;;;;;;;;
158072;2;stock abdo;;;;;;;;;;;;;;;
158073;2;stock abdo;;;;;;;;;;;;;;;
158037;1;stock abdo;;;;;;;;;;;;;;;
158038;2;stock abdo;;;;;;;;;;;;;;;
158040;2;stock abdo;;;;;;;;;;;;;;;
158067;1;stock abdo;;;;;;;;;;;;;;;
158041;2;stock abdo;;;;;;;;;;;;;;;
158071;2;stock abdo;;;;;;;;;;;;;;;
157607;1;stock abdo;;;;;;;;;;;;;;;
157903;2;stock abdo;;;;;;;;;;;;;;;
157901;2;stock abdo;;;;;;;;;;;;;;;
157900;2;stock abdo;;;;;;;;;;;;;;;
157899;2;stock abdo;;;;;;;;;;;;;;;
157902;2;stock abdo;;;;;;;;;;;;;;;
158065;2;stock abdo;;;;;;;;;;;;;;;
158064;2;stock abdo;;;;;;;;;;;;;;;
158062;2;stock abdo;;;;;;;;;;;;;;;
157898;2;stock abdo;;;;;;;;;;;;;;;
158063;2;stock abdo;;;;;;;;;;;;;;;
158060;2;stock abdo;;;;;;;;;;;;;;;
158061;2;stock abdo;;;;;;;;;;;;;;;
158046;1;stock abdo;;;;;;;;;;;;;;;
157609;1;stock abdo;;;;;;;;;;;;;;;
157608;1;stock abdo;;;;;;;;;;;;;;;
157606;2;stock abdo;;;;;;;;;;;;;;;
157604;2;stock abdo;;;;;;;;;;;;;;;
157619;1;stock abdo;;;;;;;;;;;;;;;
157605;2;stock abdo;;;;;;;;;;;;;;;
157620;2;stock abdo;;;;;;;;;;;;;;;
158032;1;stock abdo;;;;;;;;;;;;;;;
158068;1;stock abdo;;;;;;;;;;;;;;;
158033;1;stock abdo;;;;;;;;;;;;;;;
158034;1;stock abdo;;;;;;;;;;;;;;;
158070;1;stock abdo;;;;;;;;;;;;;;;
157686;1;stock abdo;;;;;;;;;;;;;;;
158066;2;stock abdo;;;;;;;;;;;;;;;
158036;2;stock abdo;;;;;;;;;;;;;;;
158045;1;stock abdo;;;;;;;;;;;;;;;
158042;2;stock abdo;;;;;;;;;;;;;;;
157616;2;stock abdo;;;;;;;;;;;;;;;
158043;1;stock abdo;;;;;;;;;;;;;;;
157618;1;stock abdo;;;;;;;;;;;;;;;
157617;1;stock abdo;;;;;;;;;;;;;;;
134164;1;stock abdo;;;;;;;;;;;;;;;
134156;1;stock abdo;;;;;;;;;;;;;;;
134163;6;stock abdo;;;;;;;;;;;;;;;
134158;1;stock abdo;;;;;;;;;;;;;;;
134165;4;stock abdo;;;;;;;;;;;;;;;
134066;2;stock abdo;;;;;;;;;;;;;;;
133976;4;stock abdo;;;;;;;;;;;;;;;
134001;1;stock abdo;;;;;;;;;;;;;;;
133977;7;stock abdo;;;;;;;;;;;;;;;
134144;4;stock abdo;;;;;;;;;;;;;;;
134134;3;stock abdo;;;;;;;;;;;;;;;
134159;9;stock abdo;;;;;;;;;;;;;;;
134166;9;stock abdo;;;;;;;;;;;;;;;
;;;;;;;;;;;;;;;;;
