Order/PO Number,External ID,ASIN,Merchant SKU,Title,List price,Discount,Cost,Quantity Ordered,Previously Confirmed Quantity,Quantity Confirmed,Quantity Canceled,Quantity Received,Hand Off Start,Hand Off End,Hand Off Type,Expected Hand Off Date,Availability Status,Error From Previous Upload Attempt,Vendor code,Fulfillment Center,Consolidation ID,Condition,Order date,Is Back Order,Freight terms,Payment Method,Special Instructions,Comments,Legal Entity Id,Currency code,External ID type,Item Package Quantity,Aggregate Quantity,Merchant Customer ID,Merchant Sku ratio,Priority
3PFV2NZH,6221319454863,B0H5KRDS39,,"Junior Baby Boys Swim Shorts – Quick Dry Beach Shorts for Swimming, Summer Vacation & Pool Wear, Blue, 09",,,341.54,5,,5,,,07-нжбне-2026,01-ГЯКжИС-2026,Delivery,07-нжбне-2026,AC - Accepted: In stock,,399U9,SPX5,,Unconfirmed,26-нжднж-2026,NO,Prepaid,Invoice,,,,,,,,,,
3PFV2NZH,6221319454757,B0H5KPNQ1X,,"Junior Baby Boys Swim Shorts – Quick Dry Beach Shorts for Swimming, Summer Vacation & Pool Wear, Green, 06",,,341.54,5,,5,,,07-нжбне-2026,01-ГЯКжИС-2026,Delivery,07-нжбне-2026,AC - Accepted: In stock,,399U9,SPX5,,Unconfirmed,26-нжднж-2026,NO,Prepaid,Invoice,,,,,,,,,,
3PFV2NZH,6221319455013,B0H5KGCY1N,,"Junior Baby Boys Swim Shorts – Quick Dry Beach Shorts for Swimming, Summer Vacation & Pool Wear, Blue, 24",,,341.54,5,,5,,,07-нжбне-2026,01-ГЯКжИС-2026,Delivery,07-нжбне-2026,AC - Accepted: In stock,,399U9,SPX5,,Unconfirmed,26-нжднж-2026,NO,Prepaid,Invoice,,,,,,,,,,
3PFV2NZH,6221319477275,B0H5R2XFSR,,"Junior Boys Sports Shorts – Lightweight Quick Dry Athletic Shorts for Running, Training, Gym & Outdoor Play, Black, 06",,,398.55,5,,5,,,07-нжбне-2026,01-ГЯКжИС-2026,Delivery,07-нжбне-2026,AC - Accepted: In stock,,399U9,SPX5,,Unconfirmed,26-нжднж-2026,NO,Prepaid,Invoice,,,,,,,,,,
3PFV2NZH,6221319457222,B0H5R91C8F,,"Junior Boys Sports T-Shirt – Lightweight Breathable Activewear for Running, Training, Gym & Outdoor Activities, Black, 14",,,284.52,5,,5,,,07-нжбне-2026,01-ГЯКжИС-2026,Delivery,07-нжбне-2026,AC - Accepted: In stock,,399U9,SPX5,,Unconfirmed,26-нжднж-2026,NO,Prepaid,Invoice,,,,,,,,,,
3PFV2NZH,6221319455419,B0H5KNSTF1,,"Junior Boys Swim Shorts – Quick Dry Beach Shorts for Swimming, Summer Vacation & Pool Wear, Green, 04",,,387.15,5,,5,,,07-нжбне-2026,01-ГЯКжИС-2026,Delivery,07-нжбне-2026,AC - Accepted: In stock,,399U9,SPX5,,Unconfirmed,26-нжднж-2026,NO,Prepaid,Invoice,,,,,,,,,,
3PFV2NZH,6221319454764,B0H5KQ82VG,,"Junior Baby Boys Swim Shorts – Quick Dry Beach Shorts for Swimming, Summer Vacation & Pool Wear, Green, 36",,,341.54,5,,5,,,07-нжбне-2026,01-ГЯКжИС-2026,Delivery,07-нжбне-2026,AC - Accepted: In stock,,399U9,SPX5,,Unconfirmed,26-нжднж-2026,NO,Prepaid,Invoice,,,,,,,,,,
3PFV2NZH,6221319457192,B0H5R2FN94,,"Junior Boys Sports T-Shirt – Lightweight Breathable Activewear for Running, Training, Gym & Outdoor Activities, Grey, 08",,,301.62,5,,5,,,07-нжбне-2026,01-ГЯКжИС-2026,Delivery,07-нжбне-2026,AC - Accepted: In stock,,399U9,SPX5,,Unconfirmed,26-нжднж-2026,NO,Prepaid,Invoice,,,,,,,,,,
3PFV2NZH,6221319455136,B0H5KHLYK2,,"Junior Boys Swim Shorts – Quick Dry Beach Shorts for Swimming, Summer Vacation & Pool Wear, Blue, 12",,,387.15,5,,5,,,07-нжбне-2026,01-ГЯКжИС-2026,Delivery,07-нжбне-2026,AC - Accepted: In stock,,399U9,SPX5,,Unconfirmed,26-нжднж-2026,NO,Prepaid,Invoice,,,,,,,,,,
3PFV2NZH,6221319457031,B0H5R4CKBJ,,"Junior Boys Sports T-Shirt – Lightweight Breathable Activewear for Running, Training, Gym & Outdoor Activities, Grey, 04",,,301.62,5,,5,,,07-нжбне-2026,01-ГЯКжИС-2026,Delivery,07-нжбне-2026,AC - Accepted: In stock,,399U9,SPX5,,Unconfirmed,26-нжднж-2026,NO,Prepaid,Invoice,,,,,,,,,,
3PFV2NZH,6221319458014,B0H5KRY6DY,,"Junior Boys Swim Shorts – Quick Dry Beach Shorts for Swimming, Summer Vacation & Pool Wear, Blue, 14",,,387.15,5,,5,,,07-нжбне-2026,01-ГЯКжИС-2026,Delivery,07-нжбне-2026,AC - Accepted: In stock,,399U9,SPX5,,Unconfirmed,26-нжднж-2026,NO,Prepaid,Invoice,,,,,,,,,,
3PFV2NZH,6221319455440,B0H5KSCBMV,,"Junior Boys Swim Shorts – Quick Dry Beach Shorts for Swimming, Summer Vacation & Pool Wear, Blue, 10",,,387.15,5,,5,,,07-нжбне-2026,01-ГЯКжИС-2026,Delivery,07-нжбне-2026,AC - Accepted: In stock,,399U9,SPX5,,Unconfirmed,26-нжднж-2026,NO,Prepaid,Invoice,,,,,,,,,,
3PFV2NZH,6221319477244,B0H5R8WGRB,,"Junior Boys Sports Shorts – Lightweight Quick Dry Athletic Shorts for Running, Training, Gym & Outdoor Play, Black, 12",,,398.55,5,,5,,,07-нжбне-2026,01-ГЯКжИС-2026,Delivery,07-нжбне-2026,AC - Accepted: In stock,,399U9,SPX5,,Unconfirmed,26-нжднж-2026,NO,Prepaid,Invoice,,,,,,,,,,
3PFV2NZH,6221319455068,B0H5KFPN4T,,"Junior Baby Boys Swim Shorts – Quick Dry Beach Shorts for Swimming, Summer Vacation & Pool Wear, Purple, 36",,,341.54,5,,5,,,07-нжбне-2026,01-ГЯКжИС-2026,Delivery,07-нжбне-2026,AC - Accepted: In stock,,399U9,SPX5,,Unconfirmed,26-нжднж-2026,NO,Prepaid,Invoice,,,,,,,,,,
3PFV2NZH,6221319457116,B0H5R7R1J4,,"Junior Boys Sports T-Shirt – Lightweight Breathable Activewear for Running, Training, Gym & Outdoor Activities, Grey, 12",,,301.62,5,,5,,,07-нжбне-2026,01-ГЯКжИС-2026,Delivery,07-нжбне-2026,AC - Accepted: In stock,,399U9,SPX5,,Unconfirmed,26-нжднж-2026,NO,Prepaid,Invoice,,,,,,,,,,
3PFV2NZH,6221319455327,B0H5KD3BSH,,"Junior Baby Boys Swim Shorts – Quick Dry Beach Shorts for Swimming, Summer Vacation & Pool Wear, Blue, 18",,,341.54,5,,5,,,07-нжбне-2026,01-ГЯКжИС-2026,Delivery,07-нжбне-2026,AC - Accepted: In stock,,399U9,SPX5,,Unconfirmed,26-нжднж-2026,NO,Prepaid,Invoice,,,,,,,,,,
3PFV2NZH,6221319454788,B0H5KKH2NB,,"Junior Baby Boys Swim Shorts – Quick Dry Beach Shorts for Swimming, Summer Vacation & Pool Wear, Green, 18",,,341.54,5,,5,,,07-нжбне-2026,01-ГЯКжИС-2026,Delivery,07-нжбне-2026,AC - Accepted: In stock,,399U9,SPX5,,Unconfirmed,26-нжднж-2026,NO,Prepaid,Invoice,,,,,,,,,,
3PFV2NZH,6221319458069,B0H5KFPFWT,,"Junior Boys Swim Shorts – Quick Dry Beach Shorts for Swimming, Summer Vacation & Pool Wear, Blue, 04",,,387.15,5,,5,,,07-нжбне-2026,01-ГЯКжИС-2026,Delivery,07-нжбне-2026,AC - Accepted: In stock,,399U9,SPX5,,Unconfirmed,26-нжднж-2026,NO,Prepaid,Invoice,,,,,,,,,,
3PFV2NZH,6221319454740,B0H5KLN4J9,,"Junior Baby Boys Swim Shorts – Quick Dry Beach Shorts for Swimming, Summer Vacation & Pool Wear, Green, 09",,,341.54,5,,5,,,07-нжбне-2026,01-ГЯКжИС-2026,Delivery,07-нжбне-2026,AC - Accepted: In stock,,399U9,SPX5,,Unconfirmed,26-нжднж-2026,NO,Prepaid,Invoice,,,,,,,,,,
3PFV2NZH,6221319457130,B0H5R5DV8P,,"Junior Boys Sports T-Shirt – Lightweight Breathable Activewear for Running, Training, Gym & Outdoor Activities, Grey, 08",,,301.62,5,,5,,,07-нжбне-2026,01-ГЯКжИС-2026,Delivery,07-нжбне-2026,AC - Accepted: In stock,,399U9,SPX5,,Unconfirmed,26-нжднж-2026,NO,Prepaid,Invoice,,,,,,,,,,
3PFV2NZH,6221319477190,B0H5R9PCNS,,"Junior Boys Sports Shorts – Lightweight Quick Dry Athletic Shorts for Running, Training, Gym & Outdoor Play, Black, 04",,,398.55,5,,5,,,07-нжбне-2026,01-ГЯКжИС-2026,Delivery,07-нжбне-2026,AC - Accepted: In stock,,399U9,SPX5,,Unconfirmed,26-нжднж-2026,NO,Prepaid,Invoice,,,,,,,,,,
3PFV2NZH,6221319455143,B0H5KRLLBW,,"Junior Boys Swim Shorts – Quick Dry Beach Shorts for Swimming, Summer Vacation & Pool Wear, Blue, 10",,,387.15,5,,5,,,07-нжбне-2026,01-ГЯКжИС-2026,Delivery,07-нжбне-2026,AC - Accepted: In stock,,399U9,SPX5,,Unconfirmed,26-нжднж-2026,NO,Prepaid,Invoice,,,,,,,,,,
3PFV2NZH,6221319454887,B0H5KHXXMX,,"Junior Baby Boys Swim Shorts – Quick Dry Beach Shorts for Swimming, Summer Vacation & Pool Wear, Blue, 36",,,341.54,5,,5,,,07-нжбне-2026,01-ГЯКжИС-2026,Delivery,07-нжбне-2026,AC - Accepted: In stock,,399U9,SPX5,,Unconfirmed,26-нжднж-2026,NO,Prepaid,Invoice,,,,,,,,,,
3PFV2NZH,6221319454856,B0H5KPLM7P,,"Junior Baby Boys Swim Shorts – Quick Dry Beach Shorts for Swimming, Summer Vacation & Pool Wear, Blue, 12",,,341.54,5,,5,,,07-нжбне-2026,01-ГЯКжИС-2026,Delivery,07-нжбне-2026,AC - Accepted: In stock,,399U9,SPX5,,Unconfirmed,26-нжднж-2026,NO,Prepaid,Invoice,,,,,,,,,,
3PFV2NZH,6221319458205,B0H5KD8K26,,"Junior Boys Swim Shorts – Quick Dry Beach Shorts for Swimming, Summer Vacation & Pool Wear, Green, 12",,,387.15,5,,5,,,07-нжбне-2026,01-ГЯКжИС-2026,Delivery,07-нжбне-2026,AC - Accepted: In stock,,399U9,SPX5,,Unconfirmed,26-нжднж-2026,NO,Prepaid,Invoice,,,,,,,,,,
3PFV2NZH,6221319454993,B0H5K746ZX,,"Junior Baby Boys Swim Shorts – Quick Dry Beach Shorts for Swimming, Summer Vacation & Pool Wear, Blue, 06",,,341.54,5,,5,,,07-нжбне-2026,01-ГЯКжИС-2026,Delivery,07-нжбне-2026,AC - Accepted: In stock,,399U9,SPX5,,Unconfirmed,26-нжднж-2026,NO,Prepaid,Invoice,,,,,,,,,,
3PFV2NZH,6221319477213,B0H5RD6MTD,,"Junior Boys Sports Shorts – Lightweight Quick Dry Athletic Shorts for Running, Training, Gym & Outdoor Play, Grey, 06",,,398.55,5,,5,,,07-нжбне-2026,01-ГЯКжИС-2026,Delivery,07-нжбне-2026,AC - Accepted: In stock,,399U9,SPX5,,Unconfirmed,26-нжднж-2026,NO,Prepaid,Invoice,,,,,,,,,,
3PFV2NZH,6221319477220,B0H5RBFNPN,,"Junior Boys Sports Shorts – Lightweight Quick Dry Athletic Shorts for Running, Training, Gym & Outdoor Play, Grey, 04",,,398.55,5,,5,,,07-нжбне-2026,01-ГЯКжИС-2026,Delivery,07-нжбне-2026,AC - Accepted: In stock,,399U9,SPX5,,Unconfirmed,26-нжднж-2026,NO,Prepaid,Invoice,,,,,,,,,,
3PFV2NZH,6221319477206,B0H5R6FXP5,,"Junior Boys Sports Shorts – Lightweight Quick Dry Athletic Shorts for Running, Training, Gym & Outdoor Play, Grey, 08",,,398.55,5,,5,,,07-нжбне-2026,01-ГЯКжИС-2026,Delivery,07-нжбне-2026,AC - Accepted: In stock,,399U9,SPX5,,Unconfirmed,26-нжднж-2026,NO,Prepaid,Invoice,,,,,,,,,,
3PFV2NZH,6221319454771,B0H5KD31Y4,,"Junior Baby Boys Swim Shorts – Quick Dry Beach Shorts for Swimming, Summer Vacation & Pool Wear, Purple, 18",,,341.54,5,,5,,,07-нжбне-2026,01-ГЯКжИС-2026,Delivery,07-нжбне-2026,AC - Accepted: In stock,,399U9,SPX5,,Unconfirmed,26-нжднж-2026,NO,Prepaid,Invoice,,,,,,,,,,
3PFV2NZH,6221319454719,B0H5K9D131,,"Junior Baby Boys Swim Shorts – Quick Dry Beach Shorts for Swimming, Summer Vacation & Pool Wear, Green, 24",,,341.54,5,,5,,,07-нжбне-2026,01-ГЯКжИС-2026,Delivery,07-нжбне-2026,AC - Accepted: In stock,,399U9,SPX5,,Unconfirmed,26-нжднж-2026,NO,Prepaid,Invoice,,,,,,,,,,
3PFV2NZH,6221319454825,B0H5KW3SRY,,"Junior Baby Boys Swim Shorts – Quick Dry Beach Shorts for Swimming, Summer Vacation & Pool Wear, Blue, 36",,,341.54,5,,5,,,07-нжбне-2026,01-ГЯКжИС-2026,Delivery,07-нжбне-2026,AC - Accepted: In stock,,399U9,SPX5,,Unconfirmed,26-нжднж-2026,NO,Prepaid,Invoice,,,,,,,,,,
3PFV2NZH,6221319455433,B0H5KFM999,,"Junior Boys Swim Shorts – Quick Dry Beach Shorts for Swimming, Summer Vacation & Pool Wear, Blue, 12",,,387.15,5,,5,,,07-нжбне-2026,01-ГЯКжИС-2026,Delivery,07-нжбне-2026,AC - Accepted: In stock,,399U9,SPX5,,Unconfirmed,26-нжднж-2026,NO,Prepaid,Invoice,,,,,,,,,,
3PFV2NZH,6221319458120,B0H5KQQBQ6,,"Junior Boys Swim Shorts – Quick Dry Beach Shorts for Swimming, Summer Vacation & Pool Wear, Blue, 04",,,387.15,5,,5,,,07-нжбне-2026,01-ГЯКжИС-2026,Delivery,07-нжбне-2026,AC - Accepted: In stock,,399U9,SPX5,,Unconfirmed,26-нжднж-2026,NO,Prepaid,Invoice,,,,,,,,,,
3PFV2NZH,6221319457215,B0H5R425L4,,"Junior Boys Sports T-Shirt – Lightweight Breathable Activewear for Running, Training, Gym & Outdoor Activities, Grey, 04",,,301.62,5,,5,,,07-нжбне-2026,01-ГЯКжИС-2026,Delivery,07-нжбне-2026,AC - Accepted: In stock,,399U9,SPX5,,Unconfirmed,26-нжднж-2026,NO,Prepaid,Invoice,,,,,,,,,,
3PFV2NZH,6221319457994,B0H5KK1WMH,,"Junior Baby Boys Swim Shorts – Quick Dry Beach Shorts for Swimming, Summer Vacation & Pool Wear, Orange, 09",,,341.54,5,,5,,,07-нжбне-2026,01-ГЯКжИС-2026,Delivery,07-нжбне-2026,AC - Accepted: In stock,,399U9,SPX5,,Unconfirmed,26-нжднж-2026,NO,Prepaid,Invoice,,,,,,,,,,
3PFV2NZH,6221319455242,B0H5KH1XHK,,"Junior Boys Swim Shorts – Quick Dry Beach Shorts for Swimming, Summer Vacation & Pool Wear, Blue, 14",,,387.15,5,,5,,,07-нжбне-2026,01-ГЯКжИС-2026,Delivery,07-нжбне-2026,AC - Accepted: In stock,,399U9,SPX5,,Unconfirmed,26-нжднж-2026,NO,Prepaid,Invoice,,,,,,,,,,
3PFV2NZH,6221319458038,B0H5K6GS9X,,"Junior Boys Swim Shorts – Quick Dry Beach Shorts for Swimming, Summer Vacation & Pool Wear, Blue, 10",,,387.15,5,,5,,,07-нжбне-2026,01-ГЯКжИС-2026,Delivery,07-нжбне-2026,AC - Accepted: In stock,,399U9,SPX5,,Unconfirmed,26-нжднж-2026,NO,Prepaid,Invoice,,,,,,,,,,
3PFV2NZH,6221319458212,B0H5KRJTRV,,"Junior Boys Swim Shorts – Quick Dry Beach Shorts for Swimming, Summer Vacation & Pool Wear, Green, 10",,,387.15,5,,5,,,07-нжбне-2026,01-ГЯКжИС-2026,Delivery,07-нжбне-2026,AC - Accepted: In stock,,399U9,SPX5,,Unconfirmed,26-нжднж-2026,NO,Prepaid,Invoice,,,,,,,,,,
3PFV2NZH,6221319455310,B0H5K6LLNB,,"Junior Baby Boys Swim Shorts – Quick Dry Beach Shorts for Swimming, Summer Vacation & Pool Wear, Blue, 24",,,341.54,5,,5,,,07-нжбне-2026,01-ГЯКжИС-2026,Delivery,07-нжбне-2026,AC - Accepted: In stock,,399U9,SPX5,,Unconfirmed,26-нжднж-2026,NO,Prepaid,Invoice,,,,,,,,,,
3PFV2NZH,6221319454870,B0H5KNXBRZ,,"Junior Baby Boys Swim Shorts – Quick Dry Beach Shorts for Swimming, Summer Vacation & Pool Wear, Blue, 09",,,341.54,5,,5,,,07-нжбне-2026,01-ГЯКжИС-2026,Delivery,07-нжбне-2026,AC - Accepted: In stock,,399U9,SPX5,,Unconfirmed,26-нжднж-2026,NO,Prepaid,Invoice,,,,,,,,,,
3PFV2NZH,6221319457178,B0H5R276RZ,,"Junior Boys Sports T-Shirt – Lightweight Breathable Activewear for Running, Training, Gym & Outdoor Activities, Grey, 12",,,301.62,5,,5,,,07-нжбне-2026,01-ГЯКжИС-2026,Delivery,07-нжбне-2026,AC - Accepted: In stock,,399U9,SPX5,,Unconfirmed,26-нжднж-2026,NO,Prepaid,Invoice,,,,,,,,,,
3PFV2NZH,6221319454955,B0H5KNB9TN,,"Junior Baby Boys Swim Shorts – Quick Dry Beach Shorts for Swimming, Summer Vacation & Pool Wear, Blue, 24",,,341.54,5,,5,,,07-нжбне-2026,01-ГЯКжИС-2026,Delivery,07-нжбне-2026,AC - Accepted: In stock,,399U9,SPX5,,Unconfirmed,26-нжднж-2026,NO,Prepaid,Invoice,,,,,,,,,,
3PFV2NZH,6221319455341,B0H5KG5F5T,,"Junior Baby Boys Swim Shorts – Quick Dry Beach Shorts for Swimming, Summer Vacation & Pool Wear, Blue, 09",,,341.54,5,,5,,,07-нжбне-2026,01-ГЯКжИС-2026,Delivery,07-нжбне-2026,AC - Accepted: In stock,,399U9,SPX5,,Unconfirmed,26-нжднж-2026,NO,Prepaid,Invoice,,,,,,,,,,
3PFV2NZH,6221319458083,B0H5KLGBMC,,"Junior Boys Swim Shorts – Quick Dry Beach Shorts for Swimming, Summer Vacation & Pool Wear, Blue, 12",,,387.15,5,,5,,,07-нжбне-2026,01-ГЯКжИС-2026,Delivery,07-нжбне-2026,AC - Accepted: In stock,,399U9,SPX5,,Unconfirmed,26-нжднж-2026,NO,Prepaid,Invoice,,,,,,,,,,
3PFV2NZH,6221319455471,B0H5KKJHK2,,"Junior Boys Swim Shorts – Quick Dry Beach Shorts for Swimming, Summer Vacation & Pool Wear, Blue, 04",,,387.15,5,,5,,,07-нжбне-2026,01-ГЯКжИС-2026,Delivery,07-нжбне-2026,AC - Accepted: In stock,,399U9,SPX5,,Unconfirmed,26-нжднж-2026,NO,Prepaid,Invoice,,,,,,,,,,
3PFV2NZH,6221319455167,B0H5KHM2JP,,"Junior Boys Swim Shorts – Quick Dry Beach Shorts for Swimming, Summer Vacation & Pool Wear, Blue, 06",,,387.15,5,,5,,,07-нжбне-2026,01-ГЯКжИС-2026,Delivery,07-нжбне-2026,AC - Accepted: In stock,,399U9,SPX5,,Unconfirmed,26-нжднж-2026,NO,Prepaid,Invoice,,,,,,,,,,
3PFV2NZH,6221319477268,B0H5QYV384,,"Junior Boys Sports Shorts – Lightweight Quick Dry Athletic Shorts for Running, Training, Gym & Outdoor Play, Black, 08",,,398.55,5,,5,,,07-нжбне-2026,01-ГЯКжИС-2026,Delivery,07-нжбне-2026,AC - Accepted: In stock,,399U9,SPX5,,Unconfirmed,26-нжднж-2026,NO,Prepaid,Invoice,,,,,,,,,,
3PFV2NZH,6221319455075,B0H5KSFBMB,,"Junior Baby Boys Swim Shorts – Quick Dry Beach Shorts for Swimming, Summer Vacation & Pool Wear, Purple, 24",,,341.54,5,,5,,,07-нжбне-2026,01-ГЯКжИС-2026,Delivery,07-нжбне-2026,AC - Accepted: In stock,,399U9,SPX5,,Unconfirmed,26-нжднж-2026,NO,Prepaid,Invoice,,,,,,,,,,
3PFV2NZH,6221319454832,B0H5KK6H24,,"Junior Baby Boys Swim Shorts – Quick Dry Beach Shorts for Swimming, Summer Vacation & Pool Wear, Blue, 24",,,341.54,5,,5,,,07-нжбне-2026,01-ГЯКжИС-2026,Delivery,07-нжбне-2026,AC - Accepted: In stock,,399U9,SPX5,,Unconfirmed,26-нжднж-2026,NO,Prepaid,Invoice,,,,,,,,,,
3PFV2NZH,6221319454894,B0H5KKJCYY,,"Junior Baby Boys Swim Shorts – Quick Dry Beach Shorts for Swimming, Summer Vacation & Pool Wear, Blue, 24",,,341.54,5,,5,,,07-нжбне-2026,01-ГЯКжИС-2026,Delivery,07-нжбне-2026,AC - Accepted: In stock,,399U9,SPX5,,Unconfirmed,26-нжднж-2026,NO,Prepaid,Invoice,,,,,,,,,,
3PFV2NZH,6221319454726,B0H5KH1XGH,,"Junior Baby Boys Swim Shorts – Quick Dry Beach Shorts for Swimming, Summer Vacation & Pool Wear, Green, 18",,,341.54,5,,5,,,07-нжбне-2026,01-ГЯКжИС-2026,Delivery,07-нжбне-2026,AC - Accepted: In stock,,399U9,SPX5,,Unconfirmed,26-нжднж-2026,NO,Prepaid,Invoice,,,,,,,,,,
3PFV2NZH,6221319454665,B0H5KB2J31,,"Junior Baby Boys Swim Shorts – Quick Dry Beach Shorts for Swimming, Summer Vacation & Pool Wear, Green, 24",,,341.54,5,,5,,,07-нжбне-2026,01-ГЯКжИС-2026,Delivery,07-нжбне-2026,AC - Accepted: In stock,,399U9,SPX5,,Unconfirmed,26-нжднж-2026,NO,Prepaid,Invoice,,,,,,,,,,
3PFV2NZH,6221319455259,B0H5KDYXDW,,"Junior Boys Swim Shorts – Quick Dry Beach Shorts for Swimming, Summer Vacation & Pool Wear, Blue, 12",,,387.15,5,,5,,,07-нжбне-2026,01-ГЯКжИС-2026,Delivery,07-нжбне-2026,AC - Accepted: In stock,,399U9,SPX5,,Unconfirmed,26-нжднж-2026,NO,Prepaid,Invoice,,,,,,,,,,
3PFV2NZH,6221319454795,B0H5KPFR3S,,"Junior Baby Boys Swim Shorts – Quick Dry Beach Shorts for Swimming, Summer Vacation & Pool Wear, Green, 12",,,341.54,5,,5,,,07-нжбне-2026,01-ГЯКжИС-2026,Delivery,07-нжбне-2026,AC - Accepted: In stock,,399U9,SPX5,,Unconfirmed,26-нжднж-2026,NO,Prepaid,Invoice,,,,,,,,,,
3PFV2NZH,6221319454979,B0H5KG2HMW,,"Junior Baby Boys Swim Shorts – Quick Dry Beach Shorts for Swimming, Summer Vacation & Pool Wear, Blue, 12",,,341.54,5,,5,,,07-нжбне-2026,01-ГЯКжИС-2026,Delivery,07-нжбне-2026,AC - Accepted: In stock,,399U9,SPX5,,Unconfirmed,26-нжднж-2026,NO,Prepaid,Invoice,,,,,,,,,,
3PFV2NZH,6221319455495,B0H5KW3PMF,,"Junior Boys Swim Shorts – Quick Dry Beach Shorts for Swimming, Summer Vacation & Pool Wear, Blue, 12",,,387.15,5,,5,,,07-нжбне-2026,01-ГЯКжИС-2026,Delivery,07-нжбне-2026,AC - Accepted: In stock,,399U9,SPX5,,Unconfirmed,26-нжднж-2026,NO,Prepaid,Invoice,,,,,,,,,,
3PFV2NZH,6221319457246,B0H5RGZK29,,"Junior Boys Sports T-Shirt – Lightweight Breathable Activewear for Running, Training, Gym & Outdoor Activities, Black, 10",,,284.52,5,,5,,,07-нжбне-2026,01-ГЯКжИС-2026,Delivery,07-нжбне-2026,AC - Accepted: In stock,,399U9,SPX5,,Unconfirmed,26-нжднж-2026,NO,Prepaid,Invoice,,,,,,,,,,
3PFV2NZH,6221319454733,B0H5KHVCZ5,,"Junior Baby Boys Swim Shorts – Quick Dry Beach Shorts for Swimming, Summer Vacation & Pool Wear, Green, 12",,,341.54,5,,5,,,07-нжбне-2026,01-ГЯКжИС-2026,Delivery,07-нжбне-2026,AC - Accepted: In stock,,399U9,SPX5,,Unconfirmed,26-нжднж-2026,NO,Prepaid,Invoice,,,,,,,,,,
3PFV2NZH,6221319477107,B0H5R9D2KH,,"Junior Boys Sports Shorts – Lightweight Quick Dry Athletic Shorts for Running, Training, Gym & Outdoor Play, Grey, 10",,,398.55,5,,5,,,07-нжбне-2026,01-ГЯКжИС-2026,Delivery,07-нжбне-2026,AC - Accepted: In stock,,399U9,SPX5,,Unconfirmed,26-нжднж-2026,NO,Prepaid,Invoice,,,,,,,,,,
3PFV2NZH,6221319455037,B0H5KFR738,,"Junior Baby Boys Swim Shorts – Quick Dry Beach Shorts for Swimming, Summer Vacation & Pool Wear, Blue, 12",,,341.54,5,,5,,,07-нжбне-2026,01-ГЯКжИС-2026,Delivery,07-нжбне-2026,AC - Accepted: In stock,,399U9,SPX5,,Unconfirmed,26-нжднж-2026,NO,Prepaid,Invoice,,,,,,,,,,
3PFV2NZH,6221319455129,B0H5KJ7RZJ,,"Junior Boys Swim Shorts – Quick Dry Beach Shorts for Swimming, Summer Vacation & Pool Wear, Blue, 14",,,387.15,5,,5,,,07-нжбне-2026,01-ГЯКжИС-2026,Delivery,07-нжбне-2026,AC - Accepted: In stock,,399U9,SPX5,,Unconfirmed,26-нжднж-2026,NO,Prepaid,Invoice,,,,,,,,,,
3PFV2NZH,6221319458090,B0H5KCW8J7,,"Junior Boys Swim Shorts – Quick Dry Beach Shorts for Swimming, Summer Vacation & Pool Wear, Green, 04",,,387.15,5,,5,,,07-нжбне-2026,01-ГЯКжИС-2026,Delivery,07-нжбне-2026,AC - Accepted: In stock,,399U9,SPX5,,Unconfirmed,26-нжднж-2026,NO,Prepaid,Invoice,,,,,,,,,,
3PFV2NZH,6221319454849,B0H5KKFT2N,,"Junior Baby Boys Swim Shorts – Quick Dry Beach Shorts for Swimming, Summer Vacation & Pool Wear, Blue, 18",,,341.54,5,,5,,,07-нжбне-2026,01-ГЯКжИС-2026,Delivery,07-нжбне-2026,AC - Accepted: In stock,,399U9,SPX5,,Unconfirmed,26-нжднж-2026,NO,Prepaid,Invoice,,,,,,,,,,
3PFV2NZH,6221319455150,B0H5KBD3MD,,"Junior Boys Swim Shorts – Quick Dry Beach Shorts for Swimming, Summer Vacation & Pool Wear, Blue, 08",,,387.15,5,,5,,,07-нжбне-2026,01-ГЯКжИС-2026,Delivery,07-нжбне-2026,AC - Accepted: In stock,,399U9,SPX5,,Unconfirmed,26-нжднж-2026,NO,Prepaid,Invoice,,,,,,,,,,
3PFV2NZH,6221319454801,B0H5KG8ZKB,,"Junior Baby Boys Swim Shorts – Quick Dry Beach Shorts for Swimming, Summer Vacation & Pool Wear, Green, 09",,,341.54,5,,5,,,07-нжбне-2026,01-ГЯКжИС-2026,Delivery,07-нжбне-2026,AC - Accepted: In stock,,399U9,SPX5,,Unconfirmed,26-нжднж-2026,NO,Prepaid,Invoice,,,,,,,,,,
3PFV2NZH,6221319457109,B0H5R9W73W,,"Junior Boys Sports T-Shirt – Lightweight Breathable Activewear for Running, Training, Gym & Outdoor Activities, Grey, 14",,,301.62,5,,5,,,07-нжбне-2026,01-ГЯКжИС-2026,Delivery,07-нжбне-2026,AC - Accepted: In stock,,399U9,SPX5,,Unconfirmed,26-нжднж-2026,NO,Prepaid,Invoice,,,,,,,,,,
3PFV2NZH,6221319454917,B0H5KKG13H,,"Junior Baby Boys Swim Shorts – Quick Dry Beach Shorts for Swimming, Summer Vacation & Pool Wear, Blue, 12",,,341.54,5,,5,,,07-нжбне-2026,01-ГЯКжИС-2026,Delivery,07-нжбне-2026,AC - Accepted: In stock,,399U9,SPX5,,Unconfirmed,26-нжднж-2026,NO,Prepaid,Invoice,,,,,,,,,,
3PFV2NZH,6221319458106,B0H5KJ5S6L,,"Junior Boys Swim Shorts – Quick Dry Beach Shorts for Swimming, Summer Vacation & Pool Wear, Blue, 08",,,387.15,5,,5,,,07-нжбне-2026,01-ГЯКжИС-2026,Delivery,07-нжбне-2026,AC - Accepted: In stock,,399U9,SPX5,,Unconfirmed,26-нжднж-2026,NO,Prepaid,Invoice,,,,,,,,,,
3PFV2NZH,6221319455457,B0H5KNWC77,,"Junior Boys Swim Shorts – Quick Dry Beach Shorts for Swimming, Summer Vacation & Pool Wear, Blue, 08",,,387.15,5,,5,,,07-нжбне-2026,01-ГЯКжИС-2026,Delivery,07-нжбне-2026,AC - Accepted: In stock,,399U9,SPX5,,Unconfirmed,26-нжднж-2026,NO,Prepaid,Invoice,,,,,,,,,,
3PFV2NZH,6221319454924,B0H5KR8PF4,,"Junior Baby Boys Swim Shorts – Quick Dry Beach Shorts for Swimming, Summer Vacation & Pool Wear, Blue, 09",,,341.54,5,,5,,,07-нжбне-2026,01-ГЯКжИС-2026,Delivery,07-нжбне-2026,AC - Accepted: In stock,,399U9,SPX5,,Unconfirmed,26-нжднж-2026,NO,Prepaid,Invoice,,,,,,,,,,
3PFV2NZH,6221319455426,B0H5KVY38Z,,"Junior Boys Swim Shorts – Quick Dry Beach Shorts for Swimming, Summer Vacation & Pool Wear, Blue, 14",,,387.15,5,,5,,,07-нжбне-2026,01-ГЯКжИС-2026,Delivery,07-нжбне-2026,AC - Accepted: In stock,,399U9,SPX5,,Unconfirmed,26-нжднж-2026,NO,Prepaid,Invoice,,,,,,,,,,
3PFV2NZH,6221319477183,B0H5R235VD,,"Junior Boys Sports Shorts – Lightweight Quick Dry Athletic Shorts for Running, Training, Gym & Outdoor Play, Grey, 12",,,398.55,5,,5,,,07-нжбне-2026,01-ГЯКжИС-2026,Delivery,07-нжбне-2026,AC - Accepted: In stock,,399U9,SPX5,,Unconfirmed,26-нжднж-2026,NO,Prepaid,Invoice,,,,,,,,,,
3PFV2NZH,6221319454818,B0H5KKH2N3,,"Junior Baby Boys Swim Shorts – Quick Dry Beach Shorts for Swimming, Summer Vacation & Pool Wear, Green, 06",,,341.54,5,,5,,,07-нжбне-2026,01-ГЯКжИС-2026,Delivery,07-нжбне-2026,AC - Accepted: In stock,,399U9,SPX5,,Unconfirmed,26-нжднж-2026,NO,Prepaid,Invoice,,,,,,,,,,
3PFV2NZH,6221319457253,B0H5QYY7L9,,"Junior Boys Sports T-Shirt – Lightweight Breathable Activewear for Running, Training, Gym & Outdoor Activities, Black, 08",,,284.52,5,,5,,,07-нжбне-2026,01-ГЯКжИС-2026,Delivery,07-нжбне-2026,AC - Accepted: In stock,,399U9,SPX5,,Unconfirmed,26-нжднж-2026,NO,Prepaid,Invoice,,,,,,,,,,
3PFV2NZH,6221319457161,B0H5R7M3ZB,,"Junior Boys Sports T-Shirt – Lightweight Breathable Activewear for Running, Training, Gym & Outdoor Activities, Grey, 14",,,301.62,5,,5,,,07-нжбне-2026,01-ГЯКжИС-2026,Delivery,07-нжбне-2026,AC - Accepted: In stock,,399U9,SPX5,,Unconfirmed,26-нжднж-2026,NO,Prepaid,Invoice,,,,,,,,,,
3PFV2NZH,6221319455174,B0H5K8BFWY,,"Junior Boys Swim Shorts – Quick Dry Beach Shorts for Swimming, Summer Vacation & Pool Wear, Blue, 04",,,387.15,5,,5,,,07-нжбне-2026,01-ГЯКжИС-2026,Delivery,07-нжбне-2026,AC - Accepted: In stock,,399U9,SPX5,,Unconfirmed,26-нжднж-2026,NO,Prepaid,Invoice,,,,,,,,,,
3PFV2NZH,6221319458021,B0H5KR3M1W,,"Junior Boys Swim Shorts – Quick Dry Beach Shorts for Swimming, Summer Vacation & Pool Wear, Blue, 12",,,387.15,5,,5,,,07-нжбне-2026,01-ГЯКжИС-2026,Delivery,07-нжбне-2026,AC - Accepted: In stock,,399U9,SPX5,,Unconfirmed,26-нжднж-2026,NO,Prepaid,Invoice,,,,,,,,,,
3PFV2NZH,6221319454689,B0H5K9GFSF,,"Junior Baby Boys Swim Shorts – Quick Dry Beach Shorts for Swimming, Summer Vacation & Pool Wear, Purple, 09",,,341.54,5,,5,,,07-нжбне-2026,01-ГЯКжИС-2026,Delivery,07-нжбне-2026,AC - Accepted: In stock,,399U9,SPX5,,Unconfirmed,26-нжднж-2026,NO,Prepaid,Invoice,,,,,,,,,,
3PFV2NZH,6221319457147,B0H5R89LNL,,"Junior Boys Sports T-Shirt – Lightweight Breathable Activewear for Running, Training, Gym & Outdoor Activities, Grey, 06",,,301.62,5,,5,,,07-нжбне-2026,01-ГЯКжИС-2026,Delivery,07-нжбне-2026,AC - Accepted: In stock,,399U9,SPX5,,Unconfirmed,26-нжднж-2026,NO,Prepaid,Invoice,,,,,,,,,,
3PFV2NZH,6221319455488,B0H5KFHN43,,"Junior Boys Swim Shorts – Quick Dry Beach Shorts for Swimming, Summer Vacation & Pool Wear, Blue, 14",,,387.15,5,,5,,,07-нжбне-2026,01-ГЯКжИС-2026,Delivery,07-нжбне-2026,AC - Accepted: In stock,,399U9,SPX5,,Unconfirmed,26-нжднж-2026,NO,Prepaid,Invoice,,,,,,,,,,
3PFV2NZH,6221319455464,B0H5KBXR7N,,"Junior Boys Swim Shorts – Quick Dry Beach Shorts for Swimming, Summer Vacation & Pool Wear, Blue, 06",,,387.15,5,,5,,,07-нжбне-2026,01-ГЯКжИС-2026,Delivery,07-нжбне-2026,AC - Accepted: In stock,,399U9,SPX5,,Unconfirmed,26-нжднж-2026,NO,Prepaid,Invoice,,,,,,,,,,
3PFV2NZH,6221319458045,B0H5K8QCVV,,"Junior Boys Swim Shorts – Quick Dry Beach Shorts for Swimming, Summer Vacation & Pool Wear, Blue, 08",,,387.15,5,,5,,,07-нжбне-2026,01-ГЯКжИС-2026,Delivery,07-нжбне-2026,AC - Accepted: In stock,,399U9,SPX5,,Unconfirmed,26-нжднж-2026,NO,Prepaid,Invoice,,,,,,,,,,
3PFV2NZH,6221319477251,B0H5QT3QQR,,"Junior Boys Sports Shorts – Lightweight Quick Dry Athletic Shorts for Running, Training, Gym & Outdoor Play, Black, 10",,,398.55,5,,5,,,07-нжбне-2026,01-ГЯКжИС-2026,Delivery,07-нжбне-2026,AC - Accepted: In stock,,399U9,SPX5,,Unconfirmed,26-нжднж-2026,NO,Prepaid,Invoice,,,,,,,,,,
3PFV2NZH,6221319454672,B0H5KH7FT4,,"Junior Baby Boys Swim Shorts – Quick Dry Beach Shorts for Swimming, Summer Vacation & Pool Wear, Purple, 12",,,341.54,5,,5,,,07-нжбне-2026,01-ГЯКжИС-2026,Delivery,07-нжбне-2026,AC - Accepted: In stock,,399U9,SPX5,,Unconfirmed,26-нжднж-2026,NO,Prepaid,Invoice,,,,,,,,,,
3PFV2NZH,6221319455112,B0H5KHN3ZN,,"Junior Boys Swim Shorts – Quick Dry Beach Shorts for Swimming, Summer Vacation & Pool Wear, Blue, 04",,,387.15,5,,5,,,07-нжбне-2026,01-ГЯКжИС-2026,Delivery,07-нжбне-2026,AC - Accepted: In stock,,399U9,SPX5,,Unconfirmed,26-нжднж-2026,NO,Prepaid,Invoice,,,,,,,,,,
3PFV2NZH,6221319454931,B0H5KK6H34,,"Junior Baby Boys Swim Shorts – Quick Dry Beach Shorts for Swimming, Summer Vacation & Pool Wear, Blue, 06",,,341.54,5,,5,,,07-нжбне-2026,01-ГЯКжИС-2026,Delivery,07-нжбне-2026,AC - Accepted: In stock,,399U9,SPX5,,Unconfirmed,26-нжднж-2026,NO,Prepaid,Invoice,,,,,,,,,,
3PFV2NZH,6221319455020,B0H5KGPB38,,"Junior Baby Boys Swim Shorts – Quick Dry Beach Shorts for Swimming, Summer Vacation & Pool Wear, Blue, 18",,,341.54,5,,5,,,07-нжбне-2026,01-ГЯКжИС-2026,Delivery,07-нжбне-2026,AC - Accepted: In stock,,399U9,SPX5,,Unconfirmed,26-нжднж-2026,NO,Prepaid,Invoice,,,,,,,,,,
3PFV2NZH,6221319457154,B0H5R3YVFR,,"Junior Boys Sports T-Shirt – Lightweight Breathable Activewear for Running, Training, Gym & Outdoor Activities, Black, 04",,,284.52,5,,5,,,07-нжбне-2026,01-ГЯКжИС-2026,Delivery,07-нжбне-2026,AC - Accepted: In stock,,399U9,SPX5,,Unconfirmed,26-нжднж-2026,NO,Prepaid,Invoice,,,,,,,,,,
3PFV2NZH,6221319454986,B0H5K8S2TQ,,"Junior Baby Boys Swim Shorts – Quick Dry Beach Shorts for Swimming, Summer Vacation & Pool Wear, Blue, 06",,,341.54,5,,5,,,07-нжбне-2026,01-ГЯКжИС-2026,Delivery,07-нжбне-2026,AC - Accepted: In stock,,399U9,SPX5,,Unconfirmed,26-нжднж-2026,NO,Prepaid,Invoice,,,,,,,,,,
3PFV2NZH,6221319477176,B0H5R6C5ZS,,"Junior Boys Sports Shorts – Lightweight Quick Dry Athletic Shorts for Running, Training, Gym & Outdoor Play, Grey, 14",,,398.55,5,,5,,,07-нжбне-2026,01-ГЯКжИС-2026,Delivery,07-нжбне-2026,AC - Accepted: In stock,,399U9,SPX5,,Unconfirmed,26-нжднж-2026,NO,Prepaid,Invoice,,,,,,,,,,
3PFV2NZH,6221319457208,B0H5R61MDQ,,"Junior Boys Sports T-Shirt – Lightweight Breathable Activewear for Running, Training, Gym & Outdoor Activities, Grey, 06",,,301.62,5,,5,,,07-нжбне-2026,01-ГЯКжИС-2026,Delivery,07-нжбне-2026,AC - Accepted: In stock,,399U9,SPX5,,Unconfirmed,26-нжднж-2026,NO,Prepaid,Invoice,,,,,,,,,,
3PFV2NZH,6221319455402,B0H5KTCSK2,,"Junior Boys Swim Shorts – Quick Dry Beach Shorts for Swimming, Summer Vacation & Pool Wear, Blue, 04",,,387.15,5,,5,,,07-нжбне-2026,01-ГЯКжИС-2026,Delivery,07-нжбне-2026,AC - Accepted: In stock,,399U9,SPX5,,Unconfirmed,26-нжднж-2026,NO,Prepaid,Invoice,,,,,,,,,,
3PFV2NZH,6221319458267,B0H5KR4TXS,,"Junior Baby Boys Swim Shorts – Quick Dry Beach Shorts for Swimming, Summer Vacation & Pool Wear, Orange, 24",,,341.54,5,,5,,,07-нжбне-2026,01-ГЯКжИС-2026,Delivery,07-нжбне-2026,AC - Accepted: In stock,,399U9,SPX5,,Unconfirmed,26-нжднж-2026,NO,Prepaid,Invoice,,,,,,,,,,
3PFV2NZH,6221319455389,B0H5KH3K1Z,,"Junior Boys Swim Shorts – Quick Dry Beach Shorts for Swimming, Summer Vacation & Pool Wear, Green, 10",,,387.15,5,,5,,,07-нжбне-2026,01-ГЯКжИС-2026,Delivery,07-нжбне-2026,AC - Accepted: In stock,,399U9,SPX5,,Unconfirmed,26-нжднж-2026,NO,Prepaid,Invoice,,,,,,,,,,
3PFV2NZH,6221319454696,B0H5K8XLXG,,"Junior Baby Boys Swim Shorts – Quick Dry Beach Shorts for Swimming, Summer Vacation & Pool Wear, Purple, 06",,,341.54,5,,5,,,07-нжбне-2026,01-ГЯКжИС-2026,Delivery,07-нжбне-2026,AC - Accepted: In stock,,399U9,SPX5,,Unconfirmed,26-нжднж-2026,NO,Prepaid,Invoice,,,,,,,,,,
3PFV2NZH,6221319457185,B0H5QYZ48B,,"Junior Boys Sports T-Shirt – Lightweight Breathable Activewear for Running, Training, Gym & Outdoor Activities, Grey, 10",,,301.62,5,,5,,,07-нжбне-2026,01-ГЯКжИС-2026,Delivery,07-нжбне-2026,AC - Accepted: In stock,,399U9,SPX5,,Unconfirmed,26-нжднж-2026,NO,Prepaid,Invoice,,,,,,,,,,
3PFV2NZH,6221319455273,B0H5KCQR62,,"Junior Boys Swim Shorts – Quick Dry Beach Shorts for Swimming, Summer Vacation & Pool Wear, Blue, 08",,,387.15,5,,5,,,07-нжбне-2026,01-ГЯКжИС-2026,Delivery,07-нжбне-2026,AC - Accepted: In stock,,399U9,SPX5,,Unconfirmed,26-нжднж-2026,NO,Prepaid,Invoice,,,,,,,,,,
3PFV2NZH,6221319455198,B0H5KPNQ3W,,"Junior Boys Swim Shorts – Quick Dry Beach Shorts for Swimming, Summer Vacation & Pool Wear, Blue, 10",,,387.15,5,,5,,,07-нжбне-2026,01-ГЯКжИС-2026,Delivery,07-нжбне-2026,AC - Accepted: In stock,,399U9,SPX5,,Unconfirmed,26-нжднж-2026,NO,Prepaid,Invoice,,,,,,,,,,
3PFV2NZH,6221319454702,B0H5KJBC2Q,,"Junior Baby Boys Swim Shorts – Quick Dry Beach Shorts for Swimming, Summer Vacation & Pool Wear, Green, 36",,,341.54,5,,5,,,07-нжбне-2026,01-ГЯКжИС-2026,Delivery,07-нжбне-2026,AC - Accepted: In stock,,399U9,SPX5,,Unconfirmed,26-нжднж-2026,NO,Prepaid,Invoice,,,,,,,,,,
3PFV2NZH,6221319458229,B0H5KV7MPQ,,"Junior Boys Swim Shorts – Quick Dry Beach Shorts for Swimming, Summer Vacation & Pool Wear, Blue, 08",,,387.15,5,,5,,,07-нжбне-2026,01-ГЯКжИС-2026,Delivery,07-нжбне-2026,AC - Accepted: In stock,,399U9,SPX5,,Unconfirmed,26-нжднж-2026,NO,Prepaid,Invoice,,,,,,,,,,
3PFV2NZH,6221319455303,B0H5KD8JYN,,"Junior Baby Boys Swim Shorts – Quick Dry Beach Shorts for Swimming, Summer Vacation & Pool Wear, Blue, 36",,,341.54,5,,5,,,07-нжбне-2026,01-ГЯКжИС-2026,Delivery,07-нжбне-2026,AC - Accepted: In stock,,399U9,SPX5,,Unconfirmed,26-нжднж-2026,NO,Prepaid,Invoice,,,,,,,,,,
3PFV2NZH,6221319455358,B0H5KH7NLN,,"Junior Baby Boys Swim Shorts – Quick Dry Beach Shorts for Swimming, Summer Vacation & Pool Wear, Blue, 06",,,341.54,5,,5,,,07-нжбне-2026,01-ГЯКжИС-2026,Delivery,07-нжбне-2026,AC - Accepted: In stock,,399U9,SPX5,,Unconfirmed,26-нжднж-2026,NO,Prepaid,Invoice,,,,,,,,,,
3PFV2NZH,6221319458007,B0H5KCX57M,,"Junior Baby Boys Swim Shorts – Quick Dry Beach Shorts for Swimming, Summer Vacation & Pool Wear, Orange, 06",,,341.54,5,,5,,,07-нжбне-2026,01-ГЯКжИС-2026,Delivery,07-нжбне-2026,AC - Accepted: In stock,,399U9,SPX5,,Unconfirmed,26-нжднж-2026,NO,Prepaid,Invoice,,,,,,,,,,
3PFV2NZH,6221319458052,B0H5KLDQTG,,"Junior Boys Swim Shorts – Quick Dry Beach Shorts for Swimming, Summer Vacation & Pool Wear, Blue, 06",,,387.15,5,,5,,,07-нжбне-2026,01-ГЯКжИС-2026,Delivery,07-нжбне-2026,AC - Accepted: In stock,,399U9,SPX5,,Unconfirmed,26-нжднж-2026,NO,Prepaid,Invoice,,,,,,,,,,
3PFV2NZH,6221319455280,B0H5KGSZSN,,"Junior Boys Swim Shorts – Quick Dry Beach Shorts for Swimming, Summer Vacation & Pool Wear, Blue, 06",,,387.15,5,,5,,,07-нжбне-2026,01-ГЯКжИС-2026,Delivery,07-нжбне-2026,AC - Accepted: In stock,,399U9,SPX5,,Unconfirmed,26-нжднж-2026,NO,Prepaid,Invoice,,,,,,,,,,
3PFV2NZH,6221319455099,B0H5KL1NGY,,"Junior Boys Swim Shorts – Quick Dry Beach Shorts for Swimming, Summer Vacation & Pool Wear, Blue, 08",,,387.15,5,,5,,,07-нжбне-2026,01-ГЯКжИС-2026,Delivery,07-нжбне-2026,AC - Accepted: In stock,,399U9,SPX5,,Unconfirmed,26-нжднж-2026,NO,Prepaid,Invoice,,,,,,,,,,
3PFV2NZH,6221319455266,B0H5KJBGNX,,"Junior Boys Swim Shorts – Quick Dry Beach Shorts for Swimming, Summer Vacation & Pool Wear, Blue, 10",,,387.15,5,,5,,,07-нжбне-2026,01-ГЯКжИС-2026,Delivery,07-нжбне-2026,AC - Accepted: In stock,,399U9,SPX5,,Unconfirmed,26-нжднж-2026,NO,Prepaid,Invoice,,,,,,,,,,
3PFV2NZH,6221319454962,B0H5KGCRCB,,"Junior Baby Boys Swim Shorts – Quick Dry Beach Shorts for Swimming, Summer Vacation & Pool Wear, Blue, 18",,,341.54,5,,5,,,07-нжбне-2026,01-ГЯКжИС-2026,Delivery,07-нжбне-2026,AC - Accepted: In stock,,399U9,SPX5,,Unconfirmed,26-нжднж-2026,NO,Prepaid,Invoice,,,,,,,,,,
3PFV2NZH,6221319455044,B0H5KC5R2H,,"Junior Baby Boys Swim Shorts – Quick Dry Beach Shorts for Swimming, Summer Vacation & Pool Wear, Blue, 09",,,341.54,5,,5,,,07-нжбне-2026,01-ГЯКжИС-2026,Delivery,07-нжбне-2026,AC - Accepted: In stock,,399U9,SPX5,,Unconfirmed,26-нжднж-2026,NO,Prepaid,Invoice,,,,,,,,,,
3PFV2NZH,6221319457970,B0H5KLKTYH,,"Junior Baby Boys Swim Shorts – Quick Dry Beach Shorts for Swimming, Summer Vacation & Pool Wear, Orange, 18",,,341.54,5,,5,,,07-нжбне-2026,01-ГЯКжИС-2026,Delivery,07-нжбне-2026,AC - Accepted: In stock,,399U9,SPX5,,Unconfirmed,26-нжднж-2026,NO,Prepaid,Invoice,,,,,,,,,,
3PFV2NZH,6221319455372,B0H5KMXH7M,,"Junior Boys Swim Shorts – Quick Dry Beach Shorts for Swimming, Summer Vacation & Pool Wear, Green, 12",,,387.15,5,,5,,,07-нжбне-2026,01-ГЯКжИС-2026,Delivery,07-нжбне-2026,AC - Accepted: In stock,,399U9,SPX5,,Unconfirmed,26-нжднж-2026,NO,Prepaid,Invoice,,,,,,,,,,
3PFV2NZH,6221319455334,B0H5KFBGDP,,"Junior Baby Boys Swim Shorts – Quick Dry Beach Shorts for Swimming, Summer Vacation & Pool Wear, Blue, 12",,,341.54,5,,5,,,07-нжбне-2026,01-ГЯКжИС-2026,Delivery,07-нжбне-2026,AC - Accepted: In stock,,399U9,SPX5,,Unconfirmed,26-нжднж-2026,NO,Prepaid,Invoice,,,,,,,,,,
3PFV2NZH,6221319457260,B0H5R4N2FY,,"Junior Boys Sports T-Shirt – Lightweight Breathable Activewear for Running, Training, Gym & Outdoor Activities, Black, 06",,,284.52,5,,5,,,07-нжбне-2026,01-ГЯКжИС-2026,Delivery,07-нжбне-2026,AC - Accepted: In stock,,399U9,SPX5,,Unconfirmed,26-нжднж-2026,NO,Prepaid,Invoice,,,,,,,,,,
3PFV2NZH,6221319457949,B0H5KFLNNR,,"Junior Boys Swim Shorts – Quick Dry Beach Shorts for Swimming, Summer Vacation & Pool Wear, Blue, 10",,,387.15,5,,5,,,07-нжбне-2026,01-ГЯКжИС-2026,Delivery,07-нжбне-2026,AC - Accepted: In stock,,399U9,SPX5,,Unconfirmed,26-нжднж-2026,NO,Prepaid,Invoice,,,,,,,,,,
3PFV2NZH,6221319455051,B0H5KRNMYV,,"Junior Baby Boys Swim Shorts – Quick Dry Beach Shorts for Swimming, Summer Vacation & Pool Wear, Blue, 06",,,341.54,5,,5,,,07-нжбне-2026,01-ГЯКжИС-2026,Delivery,07-нжбне-2026,AC - Accepted: In stock,,399U9,SPX5,,Unconfirmed,26-нжднж-2026,NO,Prepaid,Invoice,,,,,,,,,,
3PFV2NZH,6221319458076,B0H5KF1F47,,"Junior Boys Swim Shorts – Quick Dry Beach Shorts for Swimming, Summer Vacation & Pool Wear, Blue, 14",,,387.15,5,,5,,,07-нжбне-2026,01-ГЯКжИС-2026,Delivery,07-нжбне-2026,AC - Accepted: In stock,,399U9,SPX5,,Unconfirmed,26-нжднж-2026,NO,Prepaid,Invoice,,,,,,,,,,
3PFV2NZH,6221319457123,B0H5R4MRNP,,"Junior Boys Sports T-Shirt – Lightweight Breathable Activewear for Running, Training, Gym & Outdoor Activities, Grey, 10",,,301.62,5,,5,,,07-нжбне-2026,01-ГЯКжИС-2026,Delivery,07-нжбне-2026,AC - Accepted: In stock,,399U9,SPX5,,Unconfirmed,26-нжднж-2026,NO,Prepaid,Invoice,,,,,,,,,,
3PFV2NZH,6221319454900,B0H5KMWLCS,,"Junior Baby Boys Swim Shorts – Quick Dry Beach Shorts for Swimming, Summer Vacation & Pool Wear, Blue, 18",,,341.54,5,,5,,,07-нжбне-2026,01-ГЯКжИС-2026,Delivery,07-нжбне-2026,AC - Accepted: In stock,,399U9,SPX5,,Unconfirmed,26-нжднж-2026,NO,Prepaid,Invoice,,,,,,,,,,
3PFV2NZH,6221319458113,B0H5KP1TC7,,"Junior Boys Swim Shorts – Quick Dry Beach Shorts for Swimming, Summer Vacation & Pool Wear, Blue, 06",,,387.15,5,,5,,,07-нжбне-2026,01-ГЯКжИС-2026,Delivery,07-нжбне-2026,AC - Accepted: In stock,,399U9,SPX5,,Unconfirmed,26-нжднж-2026,NO,Prepaid,Invoice,,,,,,,,,,
3PFV2NZH,6221319457987,B0H5KNFLCM,,"Junior Baby Boys Swim Shorts – Quick Dry Beach Shorts for Swimming, Summer Vacation & Pool Wear, Orange, 12",,,341.54,5,,5,,,07-нжбне-2026,01-ГЯКжИС-2026,Delivery,07-нжбне-2026,AC - Accepted: In stock,,399U9,SPX5,,Unconfirmed,26-нжднж-2026,NO,Prepaid,Invoice,,,,,,,,,,
3PFV2NZH,6221319477237,B0H5QXZJTC,,"Junior Boys Sports Shorts – Lightweight Quick Dry Athletic Shorts for Running, Training, Gym & Outdoor Play, Black, 14",,,398.55,5,,5,,,07-нжбне-2026,01-ГЯКжИС-2026,Delivery,07-нжбне-2026,AC - Accepted: In stock,,399U9,SPX5,,Unconfirmed,26-нжднж-2026,NO,Prepaid,Invoice,,,,,,,,,,
3PFV2NZH,6221319455105,B0H5KN9PQN,,"Junior Boys Swim Shorts – Quick Dry Beach Shorts for Swimming, Summer Vacation & Pool Wear, Blue, 06",,,387.15,5,,5,,,07-нжбне-2026,01-ГЯКжИС-2026,Delivery,07-нжбне-2026,AC - Accepted: In stock,,399U9,SPX5,,Unconfirmed,26-нжднж-2026,NO,Prepaid,Invoice,,,,,,,,,,
3PFV2NZH,6221319458236,B0H5KKG47Z,,"Junior Boys Swim Shorts – Quick Dry Beach Shorts for Swimming, Summer Vacation & Pool Wear, Green, 06",,,387.15,5,,5,,,07-нжбне-2026,01-ГЯКжИС-2026,Delivery,07-нжбне-2026,AC - Accepted: In stock,,399U9,SPX5,,Unconfirmed,26-нжднж-2026,NO,Prepaid,Invoice,,,,,,,,,,
3PFV2NZH,6221319458274,B0H5KCCGSG,,"Junior Baby Boys Swim Shorts – Quick Dry Beach Shorts for Swimming, Summer Vacation & Pool Wear, Orange, 36",,,341.54,5,,5,,,07-нжбне-2026,01-ГЯКжИС-2026,Delivery,07-нжбне-2026,AC - Accepted: In stock,,399U9,SPX5,,Unconfirmed,26-нжднж-2026,NO,Prepaid,Invoice,,,,,,,,,,
3PFV2NZH,6221319457239,B0H5R41MGF,,"Junior Boys Sports T-Shirt – Lightweight Breathable Activewear for Running, Training, Gym & Outdoor Activities, Black, 12",,,284.52,5,,5,,,07-нжбне-2026,01-ГЯКжИС-2026,Delivery,07-нжбне-2026,AC - Accepted: In stock,,399U9,SPX5,,Unconfirmed,26-нжднж-2026,NO,Prepaid,Invoice,,,,,,,,,,
3PFV2NZH,6221319455396,B0H5KMFWTP,,"Junior Boys Swim Shorts – Quick Dry Beach Shorts for Swimming, Summer Vacation & Pool Wear, Blue, 08",,,387.15,5,,5,,,07-нжбне-2026,01-ГЯКжИС-2026,Delivery,07-нжбне-2026,AC - Accepted: In stock,,399U9,SPX5,,Unconfirmed,26-нжднж-2026,NO,Prepaid,Invoice,,,,,,,,,,
3PFV2NZH,6221319455297,B0H5KN912C,,"Junior Boys Swim Shorts – Quick Dry Beach Shorts for Swimming, Summer Vacation & Pool Wear, Green, 06",,,387.15,5,,5,,,07-нжбне-2026,01-ГЯКжИС-2026,Delivery,07-нжбне-2026,AC - Accepted: In stock,,399U9,SPX5,,Unconfirmed,26-нжднж-2026,NO,Prepaid,Invoice,,,,,,,,,,
3PFV2NZH,6221319455006,B0H5KFJRNP,,"Junior Baby Boys Swim Shorts – Quick Dry Beach Shorts for Swimming, Summer Vacation & Pool Wear, Blue, 36",,,341.54,5,,5,,,07-нжбне-2026,01-ГЯКжИС-2026,Delivery,07-нжбне-2026,AC - Accepted: In stock,,399U9,SPX5,,Unconfirmed,26-нжднж-2026,NO,Prepaid,Invoice,,,,,,,,,,
3PFV2NZH,6221319458199,B0H5KJNGTF,,"Junior Boys Swim Shorts – Quick Dry Beach Shorts for Swimming, Summer Vacation & Pool Wear, Green, 14",,,387.15,5,,5,,,07-нжбне-2026,01-ГЯКжИС-2026,Delivery,07-нжбне-2026,AC - Accepted: In stock,,399U9,SPX5,,Unconfirmed,26-нжднж-2026,NO,Prepaid,Invoice,,,,,,,,,,
3PFV2NZH,6221319455365,B0H5KHGM6J,,"Junior Boys Swim Shorts – Quick Dry Beach Shorts for Swimming, Summer Vacation & Pool Wear, Green, 14",,,387.15,5,,5,,,07-нжбне-2026,01-ГЯКжИС-2026,Delivery,07-нжбне-2026,AC - Accepted: In stock,,399U9,SPX5,,Unconfirmed,26-нжднж-2026,NO,Prepaid,Invoice,,,,,,,,,,
3PFV2NZH,6221319454948,B0H5KHRJNZ,,"Junior Baby Boys Swim Shorts – Quick Dry Beach Shorts for Swimming, Summer Vacation & Pool Wear, Blue, 36",,,341.54,5,,5,,,07-нжбне-2026,01-ГЯКжИС-2026,Delivery,07-нжбне-2026,AC - Accepted: In stock,,399U9,SPX5,,Unconfirmed,26-нжднж-2026,NO,Prepaid,Invoice,,,,,,,,,,
